Datetime;Load_DE;Wind_DE;Solar_DE;Hydro_DE;Nuc_DE;THE;EUA_DecLastPrice
1/1/2024 0:00;40556.50102;39183.78269;0;1815.33235;0;32.028;71.97
1/1/2024 1:00;37810.70519;39012.0166;0;1807.289229;0;32.028;71.97
1/1/2024 2:00;36587.39425;39261.64338;0;1808.821252;0;32.028;71.97
1/1/2024 3:00;35975.13217;38574.32911;0;1809.165957;0;32.028;71.97
1/1/2024 4:00;35734.91314;37815.15815;0;1812.536408;0;32.028;71.97
1/1/2024 5:00;34931.12078;37342.43076;0;1820.847633;0;32.028;71.97
1/1/2024 6:00;33943.60387;37343.08111;0;1824.754291;0;32.028;71.97
1/1/2024 7:00;37337.26061;36337.59954;0;1823.107366;0;32.028;71.97
1/1/2024 8:00;42358.08864;36164.27394;405.9776648;1831.878198;0;32.028;71.97
1/1/2024 9:00;44956.23237;37466.06347;3360.757432;1857.884289;0;32.028;71.97
1/1/2024 10:00;47456.90305;37607.53377;6705.67271;1865.123097;0;32.028;71.97
1/1/2024 11:00;49181.40304;38088.8607;9319.590621;1867.344531;0;32.028;71.97
1/1/2024 12:00;49975.89626;40021.44677;8662.281858;1862.097352;0;32.028;71.97
1/1/2024 13:00;49020.63785;40869.9242;7874.833746;1861.178138;0;32.028;71.97
1/1/2024 14:00;48349.34115;39213.87581;4854.168937;1852.330705;0;32.028;71.97
1/1/2024 15:00;47683.93794;36316.26844;1739.805596;1842.449157;0;32.028;71.97
1/1/2024 16:00;49897.67754;33296.97641;96.16340564;1832.452707;0;32.028;71.97
1/1/2024 17:00;52697.87003;31078.48266;0;1825.596904;0;32.028;71.97
1/1/2024 18:00;53323.88601;29328.86689;0;1820.388026;0;32.028;71.97
1/1/2024 19:00;52345.72641;26674.25438;0;1818.741101;0;32.028;71.97
1/1/2024 20:00;51253.8371;24244.80024;0;1816.443066;0;32.028;71.97
1/1/2024 21:00;49791.90156;21920.44534;0;1817.32398;0;32.028;71.97
1/1/2024 22:00;48549.30003;19926.7965;0;1868.877716;0;32.028;71.97
1/1/2024 23:00;46106.45034;17960.93778;0;1821.460442;0;32.028;71.97
2/1/2024 0:00;45589.45543;16398.10182;0;1841.740267;0;32.028;71.97
2/1/2024 1:00;43520.84582;15026.12645;0;1833.580142;0;32.028;71.97
2/1/2024 2:00;42979.75542;14197.8241;0;1835.134451;0;32.028;71.97
2/1/2024 3:00;43533.17503;13609.62033;0;1835.484171;0;32.028;71.97
2/1/2024 4:00;44205.96054;14034.87472;0;1838.903652;0;32.028;71.97
2/1/2024 5:00;44794.62761;15560.02907;0;1847.335782;0;32.028;71.97
2/1/2024 6:00;47550.47541;17535.23009;0;1851.299271;0;32.028;71.97
2/1/2024 7:00;52560.74074;20038.64672;0;1849.628388;0;32.028;71.97
2/1/2024 8:00;56103.41156;23185.88626;69.70987948;1858.52681;0;32.028;71.97
2/1/2024 9:00;57483.7976;26522.32886;707.2914975;1884.911215;0;32.028;71.97
2/1/2024 10:00;59498.79578;28330.49369;1923.061762;1892.255328;0;32.028;71.97
2/1/2024 11:00;60681.24993;28681.62574;2745.982561;1894.509077;0;32.028;71.97
2/1/2024 12:00;60907.81683;28677.62461;3857.063748;1889.185567;0;32.028;71.97
2/1/2024 13:00;59696.62885;28644.51638;3587.524956;1888.252981;0;32.028;71.97
2/1/2024 14:00;58597.9469;28551.35188;2774.244985;1879.276843;0;32.028;71.97
2/1/2024 15:00;57900.71463;29118.19677;1076.662371;1869.251546;0;32.028;71.97
2/1/2024 16:00;59425.39369;27699.77759;48.96725551;1859.109677;0;32.028;71.97
2/1/2024 17:00;61635.86664;23220.04259;0;1852.154141;0;32.028;71.97
2/1/2024 18:00;62132.09572;19613.83237;0;1846.869489;0;32.028;71.97
2/1/2024 19:00;61219.38733;18511.42209;0;1845.198606;0;32.028;71.97
2/1/2024 20:00;58887.15019;18205.23211;0;1842.867142;0;32.028;71.97
2/1/2024 21:00;56166.6233;17876.79258;0;1843.76087;0;32.028;71.97
2/1/2024 22:00;53785.53701;17697.4576;0;1896.064566;0;32.028;71.97
2/1/2024 23:00;50373.62;17349.50874;0;1847.957505;0;32.028;71.97
3/1/2024 0:00;49088.18889;46612.17876;0;2034.033973;0;32.028;71.97
3/1/2024 1:00;46421.14387;45164.30677;0;2031.594973;0;32.028;71.97
3/1/2024 2:00;44377.92882;43203.13818;0;2026.901049;0;32.028;71.97
3/1/2024 3:00;44470.06552;43156.15607;0;2024.462049;0;32.028;71.97
3/1/2024 4:00;45124.52179;48354.36669;0;2018.433577;0;32.028;71.97
3/1/2024 5:00;46297.3656;48696.55037;0;2016.500785;0;32.028;71.97
3/1/2024 6:00;50946.19044;48758.17544;0;2012.405105;0;32.028;71.97
3/1/2024 7:00;57345.29;48181.07297;0;2008.723596;0;32.028;71.97
3/1/2024 8:00;61051.58935;47979.33239;339.0097044;2013.279464;0;32.028;71.97
3/1/2024 9:00;62124.62068;48582.66481;2196.360229;2034.402124;0;32.028;71.97
3/1/2024 10:00;63758.84494;48165.86251;4491.007101;2048.207785;0;32.028;71.97
3/1/2024 11:00;64971.53224;46304.34149;6189.908797;2052.211426;0;32.028;71.97
3/1/2024 12:00;64757.4589;45860.09059;6517.347588;2042.685521;0;32.028;71.97
3/1/2024 13:00;63812.11067;46807.67612;6980.119023;2044.710351;0;32.028;71.97
3/1/2024 14:00;62649.35312;44734.16226;4713.833238;2030.168388;0;32.028;71.97
3/1/2024 15:00;62004.1788;41047.76398;2207.706122;2015.764483;0;32.028;71.97
3/1/2024 16:00;63172.60516;37941.19736;134.3209892;2009.966105;0;32.028;71.97
3/1/2024 17:00;65162.53715;35959.98572;0;2003.707539;0;32.028;71.97
3/1/2024 18:00;65253.25727;35246.21169;0;1994.871917;0;32.028;71.97
3/1/2024 19:00;64472.30092;35043.45167;0;1993.537369;0;32.028;71.97
3/1/2024 20:00;61726.94891;34360.47682;0;1996.252483;0;32.028;71.97
3/1/2024 21:00;58205.8905;34311.56637;0;1998.185275;0;32.028;71.97
3/1/2024 22:00;55372.21518;35078.51631;0;2000.716313;0;32.028;71.97
3/1/2024 23:00;51735.23422;35177.34728;0;2000.164086;0;32.028;71.97
4/1/2024 0:00;49185.2947;34942.15986;0;1878.837303;0;32.028;71.97
4/1/2024 1:00;46617.88391;35442.77743;0;1874.817429;0;32.028;71.97
4/1/2024 2:00;44883.71095;34591.92152;0;1872.310411;0;32.028;71.97
4/1/2024 3:00;44969.89591;35252.01302;0;1869.889841;0;32.028;71.97
4/1/2024 4:00;45366.95277;34782.99832;0;1863.968091;0;32.028;71.97
4/1/2024 5:00;46823.72885;33778.43516;0;1862.541684;0;32.028;71.97
4/1/2024 6:00;52098.2266;32891.3057;0;1859.256626;0;32.028;71.97
4/1/2024 7:00;58445.51005;31951.22305;0;1855.020629;0;32.028;71.97
4/1/2024 8:00;63014.04112;30331.08862;218.5952257;1859.732095;0;32.028;71.97
4/1/2024 9:00;65863.27254;28601.83589;1371.514532;1877.324447;0;32.028;71.97
4/1/2024 10:00;69793.90139;29309.20785;3470.319281;1891.285945;0;32.028;71.97
4/1/2024 11:00;72210.4764;29910.31862;4720.188441;1893.403944;0;32.028;71.97
4/1/2024 12:00;72232.14914;27894.53675;5574.855777;1881.257872;0;32.028;71.97
4/1/2024 13:00;71615.94371;25917.53733;6116.87506;1879.183099;0;32.028;71.97
4/1/2024 14:00;70463.33633;22989.79376;4838.165464;1871.489146;0;32.028;71.97
4/1/2024 15:00;69183.98149;18953.10874;2265.181078;1860.510135;0;32.028;71.97
4/1/2024 16:00;69680.91228;15734.08071;175.2118988;1855.885118;0;32.028;71.97
4/1/2024 17:00;71421.36748;13172.72618;0;1849.358226;0;32.028;71.97
4/1/2024 18:00;71035.15616;10591.58858;0;1841.621049;0;32.028;71.97
4/1/2024 19:00;70099.91039;8915.490081;0;1839.892071;0;32.028;71.97
4/1/2024 20:00;66719.08444;7943.051776;0;1842.917782;0;32.028;71.97
4/1/2024 21:00;62633.61905;7432.933663;0;1843.436476;0;32.028;71.97
4/1/2024 22:00;59240.05658;7991.096658;0;1846.375739;0;32.028;71.97
4/1/2024 23:00;55517.28067;9565.715246;0;1848.796308;0;32.028;71.97
5/1/2024 0:00;52507.75888;12005.20064;0;1763.85874;0;32.028;71.97
5/1/2024 1:00;49966.00911;14426.6751;0;1759.902144;0;32.028;71.97
5/1/2024 2:00;48418.69486;15974.52716;0;1757.676559;0;32.028;71.97
5/1/2024 3:00;48508.28445;17765.91388;0;1757.717773;0;32.028;71.97
5/1/2024 4:00;49236.15708;19866.94467;0;1753.926035;0;32.028;71.97
5/1/2024 5:00;51251.99697;22458.79941;0;1749.804581;0;32.028;71.97
5/1/2024 6:00;57533.09425;24111.81079;0;1746.672276;0;32.028;71.97
5/1/2024 7:00;64594.10297;24065.3424;0;1743.952116;0;32.028;71.97
5/1/2024 8:00;67985.65968;24871.16974;280.5363975;1746.919563;0;32.028;71.97
5/1/2024 9:00;68804.92974;25357.08783;1973.294206;1756.934697;0;32.028;71.97
5/1/2024 10:00;70626.834;26109.24952;4609.220671;1770.700354;0;32.028;71.97
5/1/2024 11:00;71131.18694;25796.43433;4931.182611;1776.01703;0;32.028;71.97
5/1/2024 12:00;70760.84488;24382.82138;6223.146952;1770.617925;0;32.028;71.97
5/1/2024 13:00;69477.37776;24529.56038;5043.702701;1766.043111;0;32.028;71.97
5/1/2024 14:00;68132.34373;24308.61088;3356.894587;1761.674369;0;32.028;71.97
5/1/2024 15:00;67324.7775;23886.2521;1333.755736;1751.988952;0;32.028;71.97
5/1/2024 16:00;67984.48712;25481.58231;112.5450008;1749.186363;0;32.028;71.97
5/1/2024 17:00;69677.54509;26058.16025;0;1742.962967;0;32.028;71.97
5/1/2024 18:00;69446.30595;25691.94837;0;1737.81115;0;32.028;71.97
5/1/2024 19:00;67589.25663;25931.96905;0;1737.522648;0;32.028;71.97
5/1/2024 20:00;63843.53177;25570.38002;0;1741.520458;0;32.028;71.97
5/1/2024 21:00;60093.14457;24302.03841;0;1744.941265;0;32.028;71.97
5/1/2024 22:00;57149.28255;22714.5651;0;1748.073571;0;32.028;71.97
5/1/2024 23:00;53631.26072;21526.16267;0;1753.719963;0;32.028;71.97
6/1/2024 0:00;50646.73089;20740.90056;0;1768.611804;0;32.028;71.97
6/1/2024 1:00;47731.78416;19845.59945;0;1764.644546;0;32.028;71.97
6/1/2024 2:00;45967.7118;19111.89934;0;1762.412964;0;32.028;71.97
6/1/2024 3:00;45498.76188;18770.92058;0;1762.454289;0;32.028;71.97
6/1/2024 4:00;45242.55554;18762.64193;0;1758.652334;0;32.028;71.97
6/1/2024 5:00;44612.19756;18494.5147;0;1754.519774;0;32.028;71.97
6/1/2024 6:00;45730.74943;18589.21034;0;1751.379028;0;32.028;71.97
6/1/2024 7:00;50113.65065;18454.79719;0;1748.651538;0;32.028;71.97
6/1/2024 8:00;54240.08137;18264.25285;182.8265581;1751.626981;0;32.028;71.97
6/1/2024 9:00;56904.90578;17768.72267;1237.03563;1761.669103;0;32.028;71.97
6/1/2024 10:00;59815.64043;17295.04887;2251.56743;1775.471854;0;32.028;71.97
6/1/2024 11:00;61105.16777;17082.53125;2990.914874;1780.802857;0;32.028;71.97
6/1/2024 12:00;61302.73846;16514.44183;3060.317538;1775.389203;0;32.028;71.97
6/1/2024 13:00;60110.83539;16399.51424;2713.51013;1770.802061;0;32.028;71.97
6/1/2024 14:00;59282.22892;17270.41292;1806.044531;1766.421547;0;32.028;71.97
6/1/2024 15:00;58357.84924;18150.87674;759.7100039;1756.710031;0;32.028;71.97
6/1/2024 16:00;59254.88848;18358.35044;65.60291771;1753.89989;0;32.028;71.97
6/1/2024 17:00;61652.93531;19215.69542;0;1747.659724;0;32.028;71.97
6/1/2024 18:00;61837.90842;19990.57236;0;1742.494023;0;32.028;71.97
6/1/2024 19:00;60143.13929;20470.63896;0;1742.204744;0;32.028;71.97
6/1/2024 20:00;56955.98977;20416.51308;0;1746.213328;0;32.028;71.97
6/1/2024 21:00;54288.24447;19874.46061;0;1749.643353;0;32.028;71.97
6/1/2024 22:00;52777.32595;19792.95458;0;1752.784098;0;32.028;71.97
6/1/2024 23:00;49873.89578;19190.81576;0;1758.445706;0;32.028;71.97
7/1/2024 0:00;47253.80277;18429.34341;0;1847.70696;0;32.028;71.97
7/1/2024 1:00;44570.34202;18803.43555;0;1847.836532;0;32.028;71.97
7/1/2024 2:00;42771.66298;18215.13797;0;1848.268441;0;32.028;71.97
7/1/2024 3:00;42233.79057;18447.42781;0;1846.972714;0;32.028;71.97
7/1/2024 4:00;42645.34636;19018.41193;0;1843.690205;0;32.028;71.97
7/1/2024 5:00;41789.68453;19584.36223;0;1842.524051;0;32.028;71.97
7/1/2024 6:00;41996.98662;20063.73479;0;1844.899551;0;32.028;71.97
7/1/2024 7:00;45851.17824;20187.68522;0;1841.012369;0;32.028;71.97
7/1/2024 8:00;49441.33935;19699.13622;191.9943058;1843.171915;0;32.028;71.97
7/1/2024 9:00;53102.03138;18871.36622;1630.292939;1821.835607;0;32.028;71.97
7/1/2024 10:00;56770.26046;17990.80997;3649.543515;1864.076313;0;32.028;71.97
7/1/2024 11:00;58432.40527;17672.84105;5360.081577;1869.302413;0;32.028;71.97
7/1/2024 12:00;58618.22189;17475.17738;6200.18606;1861.959959;0;32.028;71.97
7/1/2024 13:00;57275.65236;17507.63835;5106.719488;1860.10275;0;32.028;71.97
7/1/2024 14:00;56455.75342;18311.96603;3769.627734;1857.813632;0;32.028;71.97
7/1/2024 15:00;55798.71245;19221.16121;1505.713765;1853.92645;0;32.028;71.97
7/1/2024 16:00;57279.20766;19459.63215;116.5016329;1852.587532;0;32.028;71.97
7/1/2024 17:00;60144.13824;19712.51573;0;1844.813169;0;32.028;71.97
7/1/2024 18:00;60982.04002;19847.5463;0;1840.925987;0;32.028;71.97
7/1/2024 19:00;60165.1877;19515.58339;0;1841.314706;0;32.028;71.97
7/1/2024 20:00;57787.5955;20413.88134;0;1842.653624;0;32.028;71.97
7/1/2024 21:00;56504.84397;20601.91116;0;1849.089069;0;32.028;71.97
7/1/2024 22:00;55935.14555;19769.74046;0;1856.258759;0;32.028;71.97
7/1/2024 23:00;53272.68728;19667.66601;0;1864.810558;0;32.028;71.97
8/1/2024 0:00;51330.19225;21646.06658;0;2871.146784;0;32.028;71.97
8/1/2024 1:00;48928.23754;22442.85511;0;2872.938804;0;32.028;71.97
8/1/2024 2:00;48267.0859;23732.37144;0;2876.721956;0;32.028;71.97
8/1/2024 3:00;48265.46325;22864.21009;0;2877.850264;0;32.028;71.97
8/1/2024 4:00;49270.52236;21581.59163;0;2875.261792;0;32.028;71.97
8/1/2024 5:00;51907.53665;21081.81588;0;2874.797194;0;32.028;71.97
8/1/2024 6:00;59638.8052;21833.04247;0;2880.770592;0;32.028;71.97
8/1/2024 7:00;67189.76492;23930.91567;0;2875.394534;0;32.028;71.97
8/1/2024 8:00;70694.5313;25439.40214;339.2870767;2876.721956;0;32.028;71.97
8/1/2024 9:00;71541.8678;24766.73427;3534.27101;2841.014312;0;32.028;71.97
8/1/2024 10:00;72442.23346;24848.30469;8467.297567;2901.544742;0;32.028;71.97
8/1/2024 11:00;72813.59838;25461.79104;12755.20798;2910.438467;0;32.028;71.97
8/1/2024 12:00;72573.55934;25165.50228;15384.90662;2896.898766;0;32.028;71.97
8/1/2024 13:00;72243.5479;24343.82321;14997.02219;2890.991739;0;32.028;71.97
8/1/2024 14:00;70869.6183;23654.77755;11331.1075;2891.522708;0;32.028;71.97
8/1/2024 15:00;69397.92866;22729.63992;4506.300845;2882.562611;0;32.028;71.97
8/1/2024 16:00;70741.03982;22890.44442;268.1096518;2878.513975;0;32.028;71.97
8/1/2024 17:00;72143.14156;23919.93061;0;2866.633551;0;32.028;71.97
8/1/2024 18:00;71259.26626;24082.319;0;2860.328297;0;32.028;71.97
8/1/2024 19:00;71142.05537;23533.87011;0;2858.868134;0;32.028;71.97
8/1/2024 20:00;68383.52833;22741.48855;0;2857.076114;0;32.028;71.97
8/1/2024 21:00;65492.1587;21592.59316;0;2863.978707;0;32.028;71.97
8/1/2024 22:00;62788.48434;20111.17568;0;2872.341464;0;32.028;71.97
8/1/2024 23:00;59206.79104;18502.2531;0;2883.624548;0;32.028;71.97
9/1/2024 0:00;56885.40249;17674.72588;0;2267.944708;0;32.028;71.97
9/1/2024 1:00;53877.58528;16451.56503;0;2270.759829;0;32.028;71.97
9/1/2024 2:00;52388.18151;16662.1554;0;2272.063126;0;32.028;71.97
9/1/2024 3:00;52166.42327;15845.8854;0;2274.252664;0;32.028;71.97
9/1/2024 4:00;52818.63739;15626.73058;0;2275.764488;0;32.028;71.97
9/1/2024 5:00;54399.54106;15403.17748;0;2276.65073;0;32.028;71.97
9/1/2024 6:00;61257.30103;14834.21219;0;2283.740664;0;32.028;71.97
9/1/2024 7:00;68980.21926;14151.29938;0;2281.290466;0;32.028;71.97
9/1/2024 8:00;71852.6683;13510.01367;603.1788642;2282.80229;0;32.028;71.97
9/1/2024 9:00;72132.82615;12263.64652;7690.325668;2252.670071;0;32.028;71.97
9/1/2024 10:00;72533.14672;9173.127682;14970.11537;2296.982158;0;32.028;71.97
9/1/2024 11:00;73082.19593;7235.288561;19518.56562;2302.143212;0;32.028;71.97
9/1/2024 12:00;73051.80184;7492.361001;21190.53412;2302.612399;0;32.028;71.97
9/1/2024 13:00;72861.36561;8141.418426;19891.13253;2297.086421;0;32.028;71.97
9/1/2024 14:00;71442.47103;8495.667418;15417.40653;2299.119564;0;32.028;71.97
9/1/2024 15:00;69709.19341;10511.56937;6717.333744;2291.404048;0;32.028;71.97
9/1/2024 16:00;71083.5405;13343.94243;379.5781449;2290.100751;0;32.028;71.97
9/1/2024 17:00;72788.82041;14170.80568;0;2280.508488;0;32.028;71.97
9/1/2024 18:00;72192.38711;13951.71794;0;2275.138906;0;32.028;71.97
9/1/2024 19:00;72065.55433;12768.07168;0;2271.489675;0;32.028;71.97
9/1/2024 20:00;69283.52959;11617.8259;0;2270.603433;0;32.028;71.97
9/1/2024 21:00;66329.52205;10484.88764;0;2277.849763;0;32.028;71.97
9/1/2024 22:00;63436.23591;10059.1758;0;2284.366246;0;32.028;71.97
9/1/2024 23:00;59547.96926;10041.21409;0;2291.508312;0;32.028;71.97
10/1/2024 0:00;57291.79452;9708.323715;0;2103.390718;0;32.028;71.97
10/1/2024 1:00;54384.46894;9060.571425;0;2106.207524;0;32.028;71.97
10/1/2024 2:00;53255.7307;8930.409444;0;2109.263044;0;32.028;71.97
10/1/2024 3:00;53201.55964;9107.045689;0;2111.268228;0;32.028;71.97
10/1/2024 4:00;53869.61074;9351.369358;0;2112.939215;0;32.028;71.97
10/1/2024 5:00;55492.16459;9617.975325;0;2115.039884;0;32.028;71.97
10/1/2024 6:00;62438.45182;9900.671868;0;2120.3393;0;32.028;71.97
10/1/2024 7:00;70512.28951;9637.323556;0;2118.620571;0;32.028;71.97
10/1/2024 8:00;73258.73209;8677.814239;575.3654729;2119.814133;0;32.028;71.97
10/1/2024 9:00;73572.11296;8174.136626;6453.548763;2091.789294;0;32.028;71.97
10/1/2024 10:00;74307.271;5683.659725;13367.25662;2136.524003;0;32.028;71.97
10/1/2024 11:00;74673.30989;3450.885098;17347.14338;2145.069908;0;32.028;71.97
10/1/2024 12:00;74394.49816;2837.568133;18911.7265;2144.878938;0;32.028;71.97
10/1/2024 13:00;73865.20869;2722.222532;18110.19691;2138.57693;0;32.028;71.97
10/1/2024 14:00;72467.91993;3040.703805;14442.90316;2136.619488;0;32.028;71.97
10/1/2024 15:00;70603.02331;4396.067428;6278.062759;2125.400004;0;32.028;71.97
10/1/2024 16:00;71620.82881;6948.39643;419.0152385;2124.110957;0;32.028;71.97
10/1/2024 17:00;73472.16302;8774.66622;0;2112.795988;0;32.028;71.97
10/1/2024 18:00;72906.71502;8826.879986;0;2107.496572;0;32.028;71.97
10/1/2024 19:00;72644.62146;7481.039543;0;2105.15719;0;32.028;71.97
10/1/2024 20:00;69884.10693;6147.430421;0;2105.586872;0;32.028;71.97
10/1/2024 21:00;66999.59081;4767.648188;0;2115.183112;0;32.028;71.97
10/1/2024 22:00;64216.20539;3864.368457;0;2124.206442;0;32.028;71.97
10/1/2024 23:00;60339.47649;3676.330453;0;2132.656862;0;32.028;71.97
11/1/2024 0:00;58063.44966;3821.339865;0;1974.586457;0;31.776;72.13
11/1/2024 1:00;55102.60137;4167.405838;0;1981.375158;0;31.776;72.13
11/1/2024 2:00;53792.60915;4799.64969;0;1984.108272;0;31.776;72.13
11/1/2024 3:00;53568.10254;5161.651225;0;1986.047901;0;31.776;72.13
11/1/2024 4:00;54151.46019;5628.489589;0;1989.221839;0;31.776;72.13
11/1/2024 5:00;55730.41785;6388.25796;0;1991.029221;0;31.776;72.13
11/1/2024 6:00;62467.78266;6718.594415;0;1994.291324;0;31.776;72.13
11/1/2024 7:00;70513.33633;7076.70113;0;1990.588396;0;31.776;72.13
11/1/2024 8:00;73412.86368;7786.518588;520.6926982;1991.249633;0;31.776;72.13
11/1/2024 9:00;74012.26454;7155.546079;5079.092325;1990.852891;0;31.776;72.13
11/1/2024 10:00;75125.65808;5714.84279;11031.71161;1995.040727;0;31.776;72.13
11/1/2024 11:00;75483.19691;5215.659229;14482.73252;2002.182088;0;31.776;72.13
11/1/2024 12:00;75305.01581;5406.042034;16594.19181;2007.780563;0;31.776;72.13
11/1/2024 13:00;74700.72853;5196.68508;15476.94416;2004.827037;0;31.776;72.13
11/1/2024 14:00;73480.47823;5727.083421;12008.40071;2002.799243;0;31.776;72.13
11/1/2024 15:00;71645.34009;7081.698658;6007.288667;1996.319118;0;31.776;72.13
11/1/2024 16:00;72446.72797;8165.24054;471.7920893;1996.936273;0;31.776;72.13
11/1/2024 17:00;74584.44703;8492.993596;0;1986.92955;0;31.776;72.13
11/1/2024 18:00;74090.93278;7339.650879;0;1981.683736;0;31.776;72.13
11/1/2024 19:00;73179.88784;6244.544616;0;1981.992313;0;31.776;72.13
11/1/2024 20:00;70037.73537;6002.359188;0;1984.769509;0;31.776;72.13
11/1/2024 21:00;66965.8485;6002.081032;0;1993.718252;0;31.776;72.13
11/1/2024 22:00;63940.4598;5920.673853;0;2002.358418;0;31.776;72.13
11/1/2024 23:00;60355.64136;6142.526427;0;2007.868728;0;31.776;72.13
12/1/2024 0:00;57999.96619;4853.992585;0;1952.598662;0;31.901;69.95
12/1/2024 1:00;55013.8866;5381.522338;0;1960.762629;0;31.901;69.95
12/1/2024 2:00;53906.57211;5498.177401;0;1964.267578;0;31.901;69.95
12/1/2024 3:00;53595.59307;5052.53732;0;1964.737755;0;31.901;69.95
12/1/2024 4:00;54410.23365;5831.605562;0;1968.028987;0;31.901;69.95
12/1/2024 5:00;55919.93208;7320.638836;0;1975.038886;0;31.901;69.95
12/1/2024 6:00;62284.23783;7711.429358;0;1979.697904;0;31.901;69.95
12/1/2024 7:00;70036.39891;8387.63931;0;1972.987208;0;31.901;69.95
12/1/2024 8:00;73364.01929;9106.022337;411.8675999;1966.404743;0;31.901;69.95
12/1/2024 9:00;74326.53928;10802.67872;2978.16168;1963.156253;0;31.901;69.95
12/1/2024 10:00;75683.52412;11434.60281;5721.285804;1963.11351;0;31.901;69.95
12/1/2024 11:00;75564.86681;11476.51015;8487.162242;1969.396772;0;31.901;69.95
12/1/2024 12:00;75146.06501;12828.90442;8776.463186;1973.115438;0;31.901;69.95
12/1/2024 13:00;73715.30651;14761.3663;7798.039466;1977.688969;0;31.901;69.95
12/1/2024 14:00;72377.2269;15666.79663;6133.76601;1973.072695;0;31.901;69.95
12/1/2024 15:00;70880.54102;16044.48016;3098.910583;1967.601555;0;31.901;69.95
12/1/2024 16:00;71598.59847;15909.94607;316.0887401;1964.139349;0;31.901;69.95
12/1/2024 17:00;73612.14916;16180.78922;0;1953.966447;0;31.901;69.95
12/1/2024 18:00;73048.32793;16853.73485;0;1948.324334;0;31.901;69.95
12/1/2024 19:00;71452.24049;17916.85431;0;1946.828319;0;31.901;69.95
12/1/2024 20:00;67835.07457;18970.67168;0;1951.615567;0;31.901;69.95
12/1/2024 21:00;64566.50567;20246.72149;0;1959.565817;0;31.901;69.95
12/1/2024 22:00;61668.07694;20322.45475;0;1968.670137;0;31.901;69.95
12/1/2024 23:00;58360.955;20902.42601;0;1973.542871;0;31.901;69.95
13/1/2024 0:00;55353.31452;22305.04762;0;1903.337695;0;31.41;67.98
13/1/2024 1:00;52459.73493;23950.47912;0;1911.295698;0;31.41;67.98
13/1/2024 2:00;50958.72473;26116.89722;0;1914.712223;0;31.41;67.98
13/1/2024 3:00;49982.32488;28147.50971;0;1915.170537;0;31.41;67.98
13/1/2024 4:00;49761.52066;29317.83508;0;1918.378737;0;31.41;67.98
13/1/2024 5:00;48542.95981;29244.07643;0;1925.211787;0;31.41;67.98
13/1/2024 6:00;49388.82538;29255.95826;0;1929.753265;0;31.41;67.98
13/1/2024 7:00;54152.88865;30439.95224;0;1923.21187;0;31.41;67.98
13/1/2024 8:00;58413.94359;32496.9285;260.9152793;1916.79547;0;31.41;67.98
13/1/2024 9:00;61813.59551;34217.66061;1542.59092;1913.628934;0;31.41;67.98
13/1/2024 10:00;64673.90422;34911.69203;3424.760539;1913.587269;0;31.41;67.98
13/1/2024 11:00;65441.14222;36095.11121;5137.454837;1919.712015;0;31.41;67.98
13/1/2024 12:00;65392.61153;37417.82008;6091.003962;1923.336865;0;31.41;67.98
13/1/2024 13:00;63920.53382;38057.79353;5971.434121;1927.795013;0;31.41;67.98
13/1/2024 14:00;62800.10079;38757.08374;5853.72537;1923.2952;0;31.41;67.98
13/1/2024 15:00;61050.51741;39908.45442;3419.674517;1917.962088;0;31.41;67.98
13/1/2024 16:00;61635.44329;40853.39162;363.142253;1914.587228;0;31.41;67.98
13/1/2024 17:00;64485.96104;41274.00745;0;1904.670973;0;31.41;67.98
13/1/2024 18:00;65462.38345;40826.27796;0;1899.171201;0;31.41;67.98
13/1/2024 19:00;64064.22589;41897.72161;0;1897.712928;0;31.41;67.98
13/1/2024 20:00;60637.13614;42338.13743;0;1902.379401;0;31.41;67.98
13/1/2024 21:00;58026.00536;42423.46381;0;1910.12908;0;31.41;67.98
13/1/2024 22:00;56481.66373;42582.49868;0;1919.003711;0;31.41;67.98
13/1/2024 23:00;53526.16419;42787.329;0;1923.753514;0;31.41;67.98
14/1/2024 0:00;50534.77671;42508.85865;0;1854.292574;0;31.41;67.98
14/1/2024 1:00;47804.19111;41248.7002;0;1862.045516;0;31.41;67.98
14/1/2024 2:00;45774.69648;39378.71249;0;1865.374004;0;31.41;67.98
14/1/2024 3:00;44941.06998;37430.01603;0;1865.820509;0;31.41;67.98
14/1/2024 4:00;45235.53562;35358.818;0;1868.94604;0;31.41;67.98
14/1/2024 5:00;43925.91169;33028.41;0;1875.603016;0;31.41;67.98
14/1/2024 6:00;43757.89947;31514.67238;0;1880.02747;0;31.41;67.98
14/1/2024 7:00;47624.05172;30642.10683;0;1873.654633;0;31.41;67.98
14/1/2024 8:00;51299.74396;29949.70558;483.3579312;1867.40357;0;31.41;67.98
14/1/2024 9:00;55644.67095;30272.26247;3381.156547;1864.31863;0;31.41;67.98
14/1/2024 10:00;59478.53891;30156.78312;7216.835477;1864.278039;0;31.41;67.98
14/1/2024 11:00;61109.98108;29777.10745;9256.935975;1870.244962;0;31.41;67.98
14/1/2024 12:00;61371.88866;30913.45795;10495.00766;1873.776407;0;31.41;67.98
14/1/2024 13:00;59899.46909;31759.54279;9687.600796;1878.119678;0;31.41;67.98
14/1/2024 14:00;59128.05879;31969.07404;7682.29062;1873.735816;0;31.41;67.98
14/1/2024 15:00;57845.34713;32470.92709;3793.278353;1868.540127;0;31.41;67.98
14/1/2024 16:00;58501.63707;32464.84696;454.7467098;1865.25223;0;31.41;67.98
14/1/2024 17:00;61680.34239;32782.16717;0;1855.591497;0;31.41;67.98
14/1/2024 18:00;63192.23194;33279.5626;0;1850.233443;0;31.41;67.98
14/1/2024 19:00;62216.3242;34524.96424;0;1848.812747;0;31.41;67.98
14/1/2024 20:00;59810.2547;36199.89973;0;1853.358974;0;31.41;67.98
14/1/2024 21:00;58301.56665;36737.80521;0;1860.908959;0;31.41;67.98
14/1/2024 22:00;57455.7715;37237.56699;0;1869.55491;0;31.41;67.98
14/1/2024 23:00;54712.33737;37924.47377;0;1874.18232;0;31.41;67.98
15/1/2024 0:00;53568.1577;43165.40576;0;2911.727652;0;31.41;67.98
15/1/2024 1:00;51253.78267;44080.29961;0;2921.385227;0;31.41;67.98
15/1/2024 2:00;50638.30528;44557.98915;0;2920.388316;0;31.41;67.98
15/1/2024 3:00;50562.93584;45788.20902;0;2917.522197;0;31.41;67.98
15/1/2024 4:00;51624.96498;46260.49846;0;2919.329098;0;31.41;67.98
15/1/2024 5:00;54041.97072;45769.48776;0;2924.749801;0;31.41;67.98
15/1/2024 6:00;61403.66008;45768.758;0;2918.519108;0;31.41;67.98
15/1/2024 7:00;68656.23169;45004.48534;0;2891.290978;0;31.41;67.98
15/1/2024 8:00;72151.02418;44502.23816;535.9833958;2877.084997;0;31.41;67.98
15/1/2024 9:00;74046.13919;43217.90979;3683.598681;2861.57057;0;31.41;67.98
15/1/2024 10:00;75834.64393;41695.13401;7502.897635;2851.663767;0;31.41;67.98
15/1/2024 11:00;76540.3208;41591.97952;9982.769129;2860.386738;0;31.41;67.98
15/1/2024 12:00;76757.32702;41876.91413;10805.47439;2868.299719;0;31.41;67.98
15/1/2024 13:00;76199.99007;40953.10817;9734.450367;2872.474283;0;31.41;67.98
15/1/2024 14:00;75370.03733;39316.10255;5867.962745;2865.869748;0;31.41;67.98
15/1/2024 15:00;73495.05963;37834.89011;2450.851621;2855.090649;0;31.41;67.98
15/1/2024 16:00;73780.24076;34846.49857;377.2429744;2852.660678;0;31.41;67.98
15/1/2024 17:00;75602.99224;33601.55524;0;2837.520093;0;31.41;67.98
15/1/2024 18:00;75408.03192;32782.50716;0;2827.924825;0;31.41;67.98
15/1/2024 19:00;74669.4922;32498.55505;0;2830.977865;0;31.41;67.98
15/1/2024 20:00;71497.76957;31465.02361;0;2843.127717;0;31.41;67.98
15/1/2024 21:00;68179.09615;29537.25913;0;2856.149867;0;31.41;67.98
15/1/2024 22:00;65005.95931;29284.21798;0;2862.879016;0;31.41;67.98
15/1/2024 23:00;61294.5622;28734.84098;0;2881.197254;0;31.41;67.98
16/1/2024 0:00;58332.01981;27913.97925;0;2162.071814;0;32.421;65.75
16/1/2024 1:00;55660.45126;27914.56682;0;2166.182483;0;32.421;65.75
16/1/2024 2:00;54463.72311;24808.24774;0;2164.921255;0;32.421;65.75
16/1/2024 3:00;54319.71734;25071.67023;0;2158.101281;0;32.421;65.75
16/1/2024 4:00;55364.25257;25095.04593;0;2155.298552;0;32.421;65.75
16/1/2024 5:00;57386.38918;23783.17267;0;2156.232795;0;32.421;65.75
16/1/2024 6:00;64059.60753;23450.87162;0;2149.552958;0;32.421;65.75
16/1/2024 7:00;70880.64085;21452.01082;0;2127.738384;0;32.421;65.75
16/1/2024 8:00;73730.72718;20258.7848;575.6383002;2122.273063;0;32.421;65.75
16/1/2024 9:00;75123.36063;19259.25595;3481.879984;2108.446267;0;32.421;65.75
16/1/2024 10:00;76658.48175;17136.04096;6607.343958;2102.046702;0;32.421;65.75
16/1/2024 11:00;77008.79069;15935.84646;8231.279441;2107.792297;0;32.421;65.75
16/1/2024 12:00;77061.19578;15967.91933;10170.63552;2109.193661;0;32.421;65.75
16/1/2024 13:00;76202.51032;15979.33906;10801.89616;2114.145149;0;32.421;65.75
16/1/2024 14:00;75298.311;15524.10321;8783.682167;2109.61407;0;32.421;65.75
16/1/2024 15:00;73176.07829;15644.10393;5732.227469;2101.626293;0;32.421;65.75
16/1/2024 16:00;73556.30325;15713.07328;824.6255186;2100.178216;0;32.421;65.75
16/1/2024 17:00;75278.35468;16970.10902;0;2094.759607;0;32.421;65.75
16/1/2024 18:00;74917.54098;19262.52801;0;2091.77003;0;32.421;65.75
16/1/2024 19:00;74357.88929;20500.75765;0;2096.768229;0;32.421;65.75
16/1/2024 20:00;71297.21364;21022.04625;0;2106.34422;0;32.421;65.75
16/1/2024 21:00;68076.1464;21758.98428;0;2116.060347;0;32.421;65.75
16/1/2024 22:00;64889.90491;21489.12441;0;2125.215928;0;32.421;65.75
16/1/2024 23:00;61286.82968;22044.85529;0;2144.321197;0;32.421;65.75
17/1/2024 0:00;58528.90741;23356.69294;0;2226.102477;0;30.625;66.9
17/1/2024 1:00;55778.6249;23829.68949;0;2233.602333;0;30.625;66.9
17/1/2024 2:00;54878.26657;25512.66291;0;2230.554004;0;30.625;66.9
17/1/2024 3:00;54670.3698;25787.11773;0;2222.570286;0;30.625;66.9
17/1/2024 4:00;55526.57317;25497.85926;0;2218.892937;0;30.625;66.9
17/1/2024 5:00;57417.5385;25502.94892;0;2216.860718;0;30.625;66.9
17/1/2024 6:00;64096.6108;25001.68466;0;2209.457634;0;30.625;66.9
17/1/2024 7:00;71229.12078;22909.22636;0;2184.441985;0;30.625;66.9
17/1/2024 8:00;74250.85221;21518.1958;360.7924462;2179.361437;0;30.625;66.9
17/1/2024 9:00;75454.70856;20280.01017;1878.730531;2157.926365;0;30.625;66.9
17/1/2024 10:00;76817.44345;15644.19315;3075.87763;2150.136191;0;30.625;66.9
17/1/2024 11:00;77166.44924;11448.23852;3671.039797;2153.910312;0;30.625;66.9
17/1/2024 12:00;77166.15989;9342.710109;4074.934925;2150.620053;0;30.625;66.9
17/1/2024 13:00;76189.83426;8036.120274;3627.157388;2157.007027;0;30.625;66.9
17/1/2024 14:00;75560.79914;7723.557678;2451.022183;2156.378007;0;30.625;66.9
17/1/2024 15:00;73801.17034;8228.360985;1433.388041;2152.071638;0;30.625;66.9
17/1/2024 16:00;74023.90755;8883.44358;220.4471718;2153.474837;0;30.625;66.9
17/1/2024 17:00;75971.9279;9115.655835;0;2152.797431;0;30.625;66.9
17/1/2024 18:00;75680.42528;8908.855465;0;2152.845817;0;30.625;66.9
17/1/2024 19:00;74555.97854;7998.729734;0;2155.168353;0;30.625;66.9
17/1/2024 20:00;71346.79637;7622.767132;0;2171.958354;0;30.625;66.9
17/1/2024 21:00;68099.8488;7776.663088;0;2184.296827;0;30.625;66.9
17/1/2024 22:00;64990.93585;8016.473474;0;2193.441813;0;30.625;66.9
17/1/2024 23:00;61124.91944;8947.01241;0;2212.554349;0;30.625;66.9
18/1/2024 0:00;58399.21452;10757.98692;0;2536.127819;0;30.241;65.47
18/1/2024 1:00;55589.38225;11514.37207;0;2543.262649;0;30.241;65.47
18/1/2024 2:00;54500.51885;10860.74624;0;2537.842391;0;30.241;65.47
18/1/2024 3:00;54287.42318;10824.68748;0;2527.776197;0;30.241;65.47
18/1/2024 4:00;55251.81663;11021.97528;0;2519.535192;0;30.241;65.47
18/1/2024 5:00;57237.55387;9977.145946;0;2512.898141;0;30.241;65.47
18/1/2024 6:00;63771.95479;9124.063194;0;2505.763311;0;30.241;65.47
18/1/2024 7:00;70986.01834;8547.266547;0;2477.832388;0;30.241;65.47
18/1/2024 8:00;74188.84035;8589.304574;423.6580617;2470.089161;0;30.241;65.47
18/1/2024 9:00;75305.48113;9651.719201;2637.997512;2449.458994;0;30.241;65.47
18/1/2024 10:00;76438.02916;10552.47074;5833.019401;2444.259971;0;30.241;65.47
18/1/2024 11:00;76878.81043;9158.192663;7773.063719;2448.795289;0;30.241;65.47
18/1/2024 12:00;76913.55954;7918.290158;9082.253644;2449.348377;0;30.241;65.47
18/1/2024 13:00;76249.2016;8684.699046;9287.722218;2458.640248;0;30.241;65.47
18/1/2024 14:00;75278.48916;10320.97757;8439.173874;2460.465437;0;30.241;65.47
18/1/2024 15:00;73169.23481;11979.43977;4122.344879;2461.903465;0;30.241;65.47
18/1/2024 16:00;73760.18974;14068.56861;530.5720198;2468.540516;0;30.241;65.47
18/1/2024 17:00;75887.78545;16266.00286;0;2469.204221;0;30.241;65.47
18/1/2024 18:00;75274.41475;18386.99372;0;2472.246203;0;30.241;65.47
18/1/2024 19:00;74313.90373;19386.83363;0;2475.288185;0;30.241;65.47
18/1/2024 20:00;71260.59623;20246.79296;0;2493.871928;0;30.241;65.47
18/1/2024 21:00;67885.80087;21068.3349;0;2508.47344;0;30.241;65.47
18/1/2024 22:00;64701.53236;21834.20765;0;2518.429017;0;30.241;65.47
18/1/2024 23:00;61148.52181;23001.6765;0;2540.441902;0;30.241;65.47
19/1/2024 0:00;58622.96628;25218.81319;0;2574.441539;0;28.197;63.59
19/1/2024 1:00;55812.15274;26735.31624;0;2578.804146;0;28.197;63.59
19/1/2024 2:00;54685.63891;26559.10615;0;2570.806033;0;28.197;63.59
19/1/2024 3:00;54397.97161;27830.18257;0;2560.458824;0;28.197;63.59
19/1/2024 4:00;55136.49157;30127.91202;0;2551.789541;0;28.197;63.59
19/1/2024 5:00;56839.15251;31628.47139;0;2536.911932;0;28.197;63.59
19/1/2024 6:00;62995.49067;31762.20911;0;2528.018926;0;28.197;63.59
19/1/2024 7:00;70184.87824;31763.077;0;2498.878948;0;28.197;63.59
19/1/2024 8:00;73712.33777;31254.33069;685.028087;2493.621447;0;28.197;63.59
19/1/2024 9:00;74954.50998;31266.06931;5241.504555;2475.779503;0;28.197;63.59
19/1/2024 10:00;75835.43374;30581.69294;11308.82468;2476.842189;0;28.197;63.59
19/1/2024 11:00;76005.5441;27034.38509;14559.12123;2485.679265;0;28.197;63.59
19/1/2024 12:00;75659.18068;25533.07723;15848.53965;2488.475808;0;28.197;63.59
19/1/2024 13:00;74520.68989;25972.99658;14359.99563;2491.104558;0;28.197;63.59
19/1/2024 14:00;72959.77114;29064.84888;11671.13269;2490.284239;0;28.197;63.59
19/1/2024 15:00;70667.69836;31636.29899;6411.8244;2591.084088;0;28.197;63.59
19/1/2024 16:00;71521.72931;32328.88966;993.4382661;2601.13606;0;28.197;63.59
19/1/2024 17:00;73533.13301;34047.97662;0;2605.616574;0;28.197;63.59
19/1/2024 18:00;73076.78617;36206.83215;0;2610.71179;0;28.197;63.59
19/1/2024 19:00;72162.95752;37401.46106;0;2613.745103;0;28.197;63.59
19/1/2024 20:00;69076.20093;37892.12839;0;2637.14549;0;28.197;63.59
19/1/2024 21:00;66045.80322;38215.98784;0;2646.365805;0;28.197;63.59
19/1/2024 22:00;63410.71396;37958.89596;0;2678.773489;0;28.197;63.59
19/1/2024 23:00;60113.21539;37613.64032;0;2698.331357;0;28.197;63.59
20/1/2024 0:00;57486.13373;37308.01638;0;2464.681476;0;28.76;63.15
20/1/2024 1:00;54538.98265;37212.19715;0;2468.858086;0;28.76;63.15
20/1/2024 2:00;52760.56532;36910.75845;0;2461.200969;0;28.76;63.15
20/1/2024 3:00;51649.0112;36627.83965;0;2451.294908;0;28.76;63.15
20/1/2024 4:00;51269.08564;36137.61705;0;2442.995235;0;28.76;63.15
20/1/2024 5:00;49736.4868;35931.68659;0;2428.751926;0;28.76;63.15
20/1/2024 6:00;50492.64048;35793.95238;0;2420.238068;0;28.76;63.15
20/1/2024 7:00;55331.06714;36032.91139;0;2392.340459;0;28.76;63.15
20/1/2024 8:00;59374.49407;37063.01243;1168.992875;2387.30711;0;28.76;63.15
20/1/2024 9:00;62538.90093;36729.95598;9207.705395;2370.225848;0;28.76;63.15
20/1/2024 10:00;64342.72214;34865.75007;16967.95767;2371.243227;0;28.76;63.15
20/1/2024 11:00;65408.81892;31459.78432;21314.60169;2379.703539;0;28.76;63.15
20/1/2024 12:00;65450.0709;28620.2856;24150.21003;2382.380852;0;28.76;63.15
20/1/2024 13:00;64604.04751;27466.73209;22525.13881;2384.897527;0;28.76;63.15
20/1/2024 14:00;63428.39046;28623.40865;18092.06972;2384.112182;0;28.76;63.15
20/1/2024 15:00;61327.67425;29864.28472;10152.69246;2480.614478;0;28.76;63.15
20/1/2024 16:00;62447.39461;29290.00986;1443.024932;2490.237889;0;28.76;63.15
20/1/2024 17:00;65586.87943;28777.94063;0;2494.527378;0;28.76;63.15
20/1/2024 18:00;66358.82164;28066.53245;0;2499.405363;0;28.76;63.15
20/1/2024 19:00;65216.17835;27754.98845;0;2502.309352;0;28.76;63.15
20/1/2024 20:00;62062.4804;27417.774;0;2524.712075;0;28.76;63.15
20/1/2024 21:00;59840.16547;27145.89455;0;2533.539286;0;28.76;63.15
20/1/2024 22:00;58742.38896;26351.12642;0;2564.565284;0;28.76;63.15
20/1/2024 23:00;55864.20841;25950.66773;0;2583.289312;0;28.76;63.15
21/1/2024 0:00;52951.29455;26097.95676;0;2441.956974;0;28.76;63.15
21/1/2024 1:00;50030.30722;26929.20552;0;2446.095075;0;28.76;63.15
21/1/2024 2:00;47439.89759;27857.41265;0;2438.508556;0;28.76;63.15
21/1/2024 3:00;46447.71765;29802.71682;0;2428.69383;0;28.76;63.15
21/1/2024 4:00;47103.36649;31799.7717;0;2420.470681;0;28.76;63.15
21/1/2024 5:00;45599.58641;33660.01089;0;2406.358696;0;28.76;63.15
21/1/2024 6:00;45595.12551;33659.62467;0;2397.923337;0;28.76;63.15
21/1/2024 7:00;49783.23974;35635.9523;0;2370.282945;0;28.76;63.15
21/1/2024 8:00;52937.89972;38054.99238;1171.132056;2365.296003;0;28.76;63.15
21/1/2024 9:00;57261.87031;40104.00338;6592.45981;2348.372232;0;28.76;63.15
21/1/2024 10:00;60681.87495;42061.54367;9890.964179;2349.38023;0;28.76;63.15
21/1/2024 11:00;62316.45467;43823.64156;9652.854265;2357.762537;0;28.76;63.15
21/1/2024 12:00;62646.58428;44829.8517;10497.99454;2360.415166;0;28.76;63.15
21/1/2024 13:00;61158.33871;44645.73098;8565.229373;2362.908637;0;28.76;63.15
21/1/2024 14:00;60594.54254;43502.53515;6572.685768;2362.130533;0;28.76;63.15
21/1/2024 15:00;59029.70323;43877.54656;4262.575014;2457.743072;0;28.76;63.15
21/1/2024 16:00;59068.53096;43709.68481;806.7728196;2467.277755;0;28.76;63.15
21/1/2024 17:00;62049.84631;43835.75629;0;2471.527695;0;28.76;63.15
21/1/2024 18:00;64128.27957;42341.84422;0;2476.360704;0;28.76;63.15
21/1/2024 19:00;63209.72627;42747.14742;0;2479.237918;0;28.76;63.15
21/1/2024 20:00;60996.47403;43091.48851;0;2501.434087;0;28.76;63.15
21/1/2024 21:00;59558.54033;43904.0286;0;2510.179911;0;28.76;63.15
21/1/2024 22:00;58778.47368;45343.5269;0;2540.919847;0;28.76;63.15
21/1/2024 23:00;55958.95478;46023.09409;0;2559.471239;0;28.76;63.15
22/1/2024 0:00;54422.33315;46858.67166;0;1803.673586;0;28.76;63.15
22/1/2024 1:00;51903.79865;47770.84824;0;1806.070572;0;28.76;63.15
22/1/2024 2:00;50921.48281;49061.94015;0;1800.844355;0;28.76;63.15
22/1/2024 3:00;50847.85583;47195.30339;0;1794.203523;0;28.76;63.15
22/1/2024 4:00;51891.76272;49198.78037;0;1785.362179;0;28.76;63.15
22/1/2024 5:00;54513.57355;50161.33696;0;1770.783784;0;28.76;63.15
22/1/2024 6:00;62063.83033;51161.7516;0;1762.374683;0;28.76;63.15
22/1/2024 7:00;69692.0717;51725.12118;0;1751.882954;0;28.76;63.15
22/1/2024 8:00;73154.68819;52112.25043;497.3903452;1750.664813;0;28.76;63.15
22/1/2024 9:00;75149.50819;51802.84506;2040.715249;1741.391225;0;28.76;63.15
22/1/2024 10:00;76414.1347;51920.86189;2466.10749;1747.874878;0;28.76;63.15
22/1/2024 11:00;77078.31439;51439.29177;3592.326238;1751.332826;0;28.76;63.15
22/1/2024 12:00;76938.2085;50425.82727;4651.083875;1758.405901;0;28.76;63.15
22/1/2024 13:00;75982.83112;49842.17386;3894.559172;1762.492567;0;28.76;63.15
22/1/2024 14:00;74795.86298;49185.9935;3208.087935;1765.203913;0;28.76;63.15
22/1/2024 15:00;72806.62718;48366.66807;1731.812251;1769.290579;0;28.76;63.15
22/1/2024 16:00;72437.24401;47494.67124;364.868915;1772.748527;0;28.76;63.15
22/1/2024 17:00;74399.07627;46363.72458;0;1772.237694;0;28.76;63.15
22/1/2024 18:00;75472.48393;45857.28592;0;1773.848783;0;28.76;63.15
22/1/2024 19:00;74904.79323;46563.64799;0;1770.744489;0;28.76;63.15
22/1/2024 20:00;71792.33579;47196.46664;0;1776.953078;0;28.76;63.15
22/1/2024 21:00;67880.18288;47328.19139;0;1781.786346;0;28.76;63.15
22/1/2024 22:00;64387.8557;47202.25332;0;1786.42314;0;28.76;63.15
22/1/2024 23:00;60554.51583;46919.27849;0;1789.33096;0;28.76;63.15
23/1/2024 0:00;57270.26764;46698.46216;0;2021.714005;0;28.725;63.49
23/1/2024 1:00;54764.62002;46240.10876;0;2025.305129;0;28.725;63.49
23/1/2024 2:00;52941.24818;46224.32866;0;2019.098249;0;28.725;63.49
23/1/2024 3:00;52920.82127;46205.35582;0;2013.246047;0;28.725;63.49
23/1/2024 4:00;53724.51192;47054.05012;0;2005.354442;0;28.725;63.49
23/1/2024 5:00;56017.007;47310.94252;0;1991.38896;0;28.725;63.49
23/1/2024 6:00;62766.26096;46589.86506;0;1981.945635;0;28.725;63.49
23/1/2024 7:00;69716.09644;45651.54582;0;1970.329901;0;28.725;63.49
23/1/2024 8:00;72583.91102;44577.49821;728.3058007;1966.073755;0;28.725;63.49
23/1/2024 9:00;74343.72004;43733.89251;4188.909301;1959.999879;0;28.725;63.49
23/1/2024 10:00;76124.10203;43804.90311;8279.058511;1966.960452;0;28.725;63.49
23/1/2024 11:00;77522.01951;43270.05239;10266.758;1973.78802;0;28.725;63.49
23/1/2024 12:00;77830.79163;43789.22105;10663.57431;1989.659901;0;28.725;63.49
23/1/2024 13:00;76933.05769;43087.08032;9014.719011;1995.645107;0;28.725;63.49
23/1/2024 14:00;76003.75814;40964.3707;6108.165662;2002.871689;0;28.725;63.49
23/1/2024 15:00;73910.45857;39301.11386;3560.989272;2008.723891;0;28.725;63.49
23/1/2024 16:00;73493.41931;39497.53308;590.0511602;2011.029304;0;28.725;63.49
23/1/2024 17:00;75580.70337;39922.93852;0;2003.049029;0;28.725;63.49
23/1/2024 18:00;76245.56915;40486.46326;0;2002.428341;0;28.725;63.49
23/1/2024 19:00;75062.38922;41035.60731;0;1998.349534;0;28.725;63.49
23/1/2024 20:00;71556.15346;41800.12436;0;2012.536689;0;28.725;63.49
23/1/2024 21:00;67301.99834;43270.54474;0;2018.388891;0;28.725;63.49
23/1/2024 22:00;63557.76627;45275.40961;0;2022.689372;0;28.725;63.49
23/1/2024 23:00;59505.5646;47090.80096;0;2024.861781;0;28.725;63.49
24/1/2024 0:00;56179.65557;49562.32809;0;2259.540383;0;27.672;62.4
24/1/2024 1:00;53584.28939;50704.37008;0;2258.848682;0;27.672;62.4
24/1/2024 2:00;51561.03715;51835.97332;0;2253.166851;0;27.672;62.4
24/1/2024 3:00;51619.33138;52282.93194;0;2247.781465;0;27.672;62.4
24/1/2024 4:00;52769.13023;53059.44891;0;2240.419789;0;27.672;62.4
24/1/2024 5:00;55192.0654;51976.17355;0;2230.43953;0;27.672;62.4
24/1/2024 6:00;62113.92572;51604.35789;0;2220.459272;0;27.672;62.4
24/1/2024 7:00;69685.23514;53277.19473;0;2208.255689;0;27.672;62.4
24/1/2024 8:00;73090.63507;53351.32615;404.5811474;2203.265559;0;27.672;62.4
24/1/2024 9:00;74963.45008;52709.25215;2477.17163;2205.637106;0;27.672;62.4
24/1/2024 10:00;76197.63884;53308.8224;4729.383857;2214.431591;0;27.672;62.4
24/1/2024 11:00;76795.95409;52558.61829;7796.259295;2229.500793;0;27.672;62.4
24/1/2024 12:00;76250.69151;51679.88331;9596.851533;2258.453424;0;27.672;62.4
24/1/2024 13:00;75125.65636;51723.92729;9453.043012;2264.530512;0;27.672;62.4
24/1/2024 14:00;73845.45123;52192.97722;7441.248286;2270.409971;0;27.672;62.4
24/1/2024 15:00;72112.91631;52587.65322;4539.55226;2276.190616;0;27.672;62.4
24/1/2024 16:00;72313.08933;51813.00216;911.8327403;2276.190616;0;27.672;62.4
24/1/2024 17:00;74346.27198;50894.51465;1.49348305;2260.824971;0;27.672;62.4
24/1/2024 18:00;75296.83206;49686.14152;0;2253.710331;0;27.672;62.4
24/1/2024 19:00;74677.35847;48614.64147;0;2247.237985;0;27.672;62.4
24/1/2024 20:00;71571.42901;47930.1185;0;2254.105589;0;27.672;62.4
24/1/2024 21:00;67412.84611;46843.92879;0;2253.117444;0;27.672;62.4
24/1/2024 22:00;63770.95877;45742.77441;0;2255.68662;0;27.672;62.4
24/1/2024 23:00;59654.30246;45457.75869;0;2260.726156;0;27.672;62.4
25/1/2024 0:00;56716.0417;45440.93602;0;2179.824751;0;27.466;63.3
25/1/2024 1:00;54259.23985;44660.93854;0;2176.017031;0;27.466;63.3
25/1/2024 2:00;52189.9441;43830.43825;0;2173.113644;0;27.466;63.3
25/1/2024 3:00;52373.66987;43602.99461;0;2167.592449;0;27.466;63.3
25/1/2024 4:00;53171.23028;41797.74855;0;2160.833745;0;27.466;63.3
25/1/2024 5:00;55741.01172;39583.16045;0;2154.551007;0;27.466;63.3
25/1/2024 6:00;62624.44133;37069.9702;0;2144.079775;0;27.466;63.3
25/1/2024 7:00;69989.06731;35952.51741;0;2133.465755;0;27.466;63.3
25/1/2024 8:00;72985.25487;34165.32264;802.0491196;2128.468122;0;27.466;63.3
25/1/2024 9:00;74698.21196;31552.25505;4905.822852;2129.134473;0;27.466;63.3
25/1/2024 10:00;76644.91297;29514.97653;8656.389182;2137.559054;0;27.466;63.3
25/1/2024 11:00;78266.6778;28319.431;10167.20544;2154.027445;0;27.466;63.3
25/1/2024 12:00;78312.82195;27732.98171;10114.48637;2176.540592;0;27.466;63.3
25/1/2024 13:00;77209.04715;26035.94844;9273.746889;2179.539172;0;27.466;63.3
25/1/2024 14:00;76033.14261;23221.31021;6530.241471;2185.203156;0;27.466;63.3
25/1/2024 15:00;73847.81539;19866.82636;3626.583065;2184.06084;0;27.466;63.3
25/1/2024 16:00;73586.82661;17886.61525;666.3368068;2179.1584;0;27.466;63.3
25/1/2024 17:00;75757.91962;17592.01535;1.688472351;2164.070308;0;27.466;63.3
25/1/2024 18:00;76195.86266;18179.28232;0;2157.50199;0;27.466;63.3
25/1/2024 19:00;75107.84625;18490.45243;0;2150.838479;0;27.466;63.3
25/1/2024 20:00;71740.03842;18016.84237;0;2158.120745;0;27.466;63.3
25/1/2024 21:00;67523.29073;17114.13015;0;2161.119324;0;27.466;63.3
25/1/2024 22:00;63883.73442;16257.20862;0;2166.116957;0;27.466;63.3
25/1/2024 23:00;60159.9994;16331.85243;0;2174.779521;0;27.466;63.3
26/1/2024 0:00;57031.51632;16398.22725;0;2179.413815;0;29.273;65.74
26/1/2024 1:00;54485.5983;17294.6067;0;2185.307848;0;29.273;65.74
26/1/2024 2:00;52751.90837;17719.95014;0;2190.441361;0;29.273;65.74
26/1/2024 3:00;52881.44697;19325.94092;0;2191.914869;0;29.273;65.74
26/1/2024 4:00;53749.08992;20320.08928;0;2191.534609;0;29.273;65.74
26/1/2024 5:00;56088.19071;23022.39554;0;2192.247597;0;29.273;65.74
26/1/2024 6:00;62676.67912;26676.90173;0;2185.212783;0;29.273;65.74
26/1/2024 7:00;70031.13546;30747.53864;0;2180.364465;0;29.273;65.74
26/1/2024 8:00;73408.1012;34347.62589;463.3099665;2181.315116;0;29.273;65.74
26/1/2024 9:00;75114.10327;38148.8356;1837.522048;2183.786807;0;29.273;65.74
26/1/2024 10:00;76177.36103;40862.99163;3217.417376;2187.969669;0;29.273;65.74
26/1/2024 11:00;76465.45409;42947.40642;4796.667226;2204.225793;0;29.273;65.74
26/1/2024 12:00;75694.17118;45150.18356;4647.716987;2223.476466;0;29.273;65.74
26/1/2024 13:00;74168.36048;46528.88768;4109.471486;2227.184003;0;29.273;65.74
26/1/2024 14:00;72688.99141;47977.04911;3316.897088;2229.275434;0;29.273;65.74
26/1/2024 15:00;70778.32399;48953.36741;2503.969518;2224.284519;0;29.273;65.74
26/1/2024 16:00;70723.78881;47871.13335;878.0730056;2218.438018;0;29.273;65.74
26/1/2024 17:00;72467.9557;45667.64485;0.642992943;2202.086829;0;29.273;65.74
26/1/2024 18:00;73269.36071;44534.92756;0;2193.673572;0;29.273;65.74
26/1/2024 19:00;72402.85898;43112.70794;0;2187.304214;0;29.273;65.74
26/1/2024 20:00;69209.74881;42878.0443;0;2190.346296;0;29.273;65.74
26/1/2024 21:00;65293.65364;42200.96243;0;2188.777722;0;29.273;65.74
26/1/2024 22:00;62271.17023;40910.17245;0;2193.198247;0;29.273;65.74
26/1/2024 23:00;58967.68977;39720.81785;0;2202.704752;0;29.273;65.74
27/1/2024 0:00;56143.26227;38472.98569;0;2125.074821;0;27.633;63.34
27/1/2024 1:00;53680.85907;37403.1555;0;2130.821899;0;27.633;63.34
27/1/2024 2:00;51506.93854;36399.74339;0;2135.827419;0;27.633;63.34
27/1/2024 3:00;50901.44189;35150.28261;0;2137.264188;0;27.633;63.34
27/1/2024 4:00;50533.91184;33491.21974;0;2136.893409;0;27.633;63.34
27/1/2024 5:00;49611.49531;32167.80454;0;2137.58862;0;27.633;63.34
27/1/2024 6:00;50314.70919;31262.24741;0;2130.729204;0;27.633;63.34
27/1/2024 7:00;54619.44616;29750.42341;0;2126.001769;0;27.633;63.34
27/1/2024 8:00;58641.35148;28216.66;1509.278781;2126.928717;0;27.633;63.34
27/1/2024 9:00;62255.56994;27088.42901;8830.99694;2129.338782;0;27.633;63.34
27/1/2024 10:00;64402.4745;22750.48096;15616.44369;2133.417354;0;27.633;63.34
27/1/2024 11:00;66149.98782;18943.5707;20222.242;2149.268166;0;27.633;63.34
27/1/2024 12:00;66024.87559;18435.06902;21972.39406;2168.038864;0;27.633;63.34
27/1/2024 13:00;64974.80997;18416.55554;21121.49474;2171.653962;0;27.633;63.34
27/1/2024 14:00;63593.1719;17119.98632;17529.13651;2173.693248;0;27.633;63.34
27/1/2024 15:00;61283.93952;14438.87816;10945.02862;2168.82677;0;27.633;63.34
27/1/2024 16:00;61634.26765;14121.24999;2472.445706;2163.12604;0;27.633;63.34
27/1/2024 17:00;64573.88285;15806.4832;3.863456407;2147.182533;0;27.633;63.34
27/1/2024 18:00;66192.47799;16692.7309;0;2138.979042;0;27.633;63.34
27/1/2024 19:00;65487.96026;16855.423;0;2132.76849;0;27.633;63.34
27/1/2024 20:00;62570.95268;16209.3442;0;2135.734724;0;27.633;63.34
27/1/2024 21:00;59847.49517;15574.8494;0;2134.20526;0;27.633;63.34
27/1/2024 22:00;58451.11579;15626.50595;0;2138.515568;0;27.633;63.34
27/1/2024 23:00;55842.79725;15352.84648;0;2147.785049;0;27.633;63.34
28/1/2024 0:00;53258.88894;15105.23809;0;2075.360897;0;27.633;63.34
28/1/2024 1:00;50664.1898;14207.84594;0;2080.973528;0;27.633;63.34
28/1/2024 2:00;48424.67141;13392.09637;0;2085.861949;0;27.633;63.34
28/1/2024 3:00;47604.43557;13002.48925;0;2087.265107;0;27.633;63.34
28/1/2024 4:00;48278.24352;12482.66147;0;2086.903001;0;27.633;63.34
28/1/2024 5:00;47184.09929;12743.44805;0;2087.581949;0;27.633;63.34
28/1/2024 6:00;46949.80266;13589.03542;0;2080.883002;0;27.633;63.34
28/1/2024 7:00;50364.19828;14509.6357;0;2076.26616;0;27.633;63.34
28/1/2024 8:00;53646.90513;15285.70989;1768.534002;2077.171423;0;27.633;63.34
28/1/2024 9:00;58238.25319;16371.45558;9042.486978;2079.525107;0;27.633;63.34
28/1/2024 10:00;61001.94393;18872.73111;15518.02513;2083.508265;0;27.633;63.34
28/1/2024 11:00;62385.6138;16113.4557;20080.5679;2098.988264;0;27.633;63.34
28/1/2024 12:00;62192.03794;12013.01664;22439.05251;2117.319841;0;27.633;63.34
28/1/2024 13:00;60762.24775;10777.91256;22127.49388;2120.850367;0;27.633;63.34
28/1/2024 14:00;59231.09673;12328.81356;18456.69457;2122.841946;0;27.633;63.34
28/1/2024 15:00;57127.18941;16241.74591;11432.73616;2118.089315;0;27.633;63.34
28/1/2024 16:00;57850.34837;20473.93811;2623.498707;2112.521947;0;27.633;63.34
28/1/2024 17:00;61157.09464;24621.07426;9.254280849;2096.951422;0;27.633;63.34
28/1/2024 18:00;63995.98962;26708.16825;0;2088.939843;0;27.633;63.34
28/1/2024 19:00;63765.52461;27384.57359;0;2082.874581;0;27.633;63.34
28/1/2024 20:00;61836.96614;27678.14116;0;2085.771423;0;27.633;63.34
28/1/2024 21:00;60394.70501;28178.25754;0;2084.277739;0;27.633;63.34
28/1/2024 22:00;59632.47856;28371.42614;0;2088.487212;0;27.633;63.34
28/1/2024 23:00;0;0;0;0;0;27.633;63.34
29/1/2024 0:00;53675.36144;30648.845;0;2846.410589;0;27.633;63.34
29/1/2024 1:00;51496.81909;30066.89429;0;2852.166668;0;27.633;63.34
29/1/2024 2:00;50429.35895;29628.64712;0;2854.259788;0;27.633;63.34
29/1/2024 3:00;50531.37337;28188.7682;0;2854.143504;0;27.633;63.34
29/1/2024 4:00;51828.83462;26406.23867;0;2857.690179;0;27.633;63.34
29/1/2024 5:00;54704.05553;24988.42985;0;2865.016099;0;27.633;63.34
29/1/2024 6:00;62171.39355;24391.15676;0;2862.167131;0;27.633;63.34
29/1/2024 7:00;69292.88845;23824.34408;4.882798563;2853.096944;0;27.633;63.34
29/1/2024 8:00;72839.63231;22892.85508;1725.832778;2853.096944;0;27.633;63.34
29/1/2024 9:00;74767.52868;20676.69466;8436.184568;2871.760597;0;27.633;63.34
29/1/2024 10:00;75301.89327;19615.94192;14032.68382;2882.342481;0;27.633;63.34
29/1/2024 11:00;75694.85783;16132.20515;17341.0468;2893.273219;0;27.633;63.34
29/1/2024 12:00;75216.69078;9762.203405;18728.97709;2909.611183;0;27.633;63.34
29/1/2024 13:00;73918.58019;7122.990217;17446.97191;2912.460152;0;27.633;63.34
29/1/2024 14:00;72484.40462;8181.897038;13371.78032;2912.92529;0;27.633;63.34
29/1/2024 15:00;71162.05379;9765.636965;7665.912379;2905.308659;0;27.633;63.34
29/1/2024 16:00;71661.85003;9910.874642;1776.790817;2896.471041;0;27.633;63.34
29/1/2024 17:00;74130.40624;11098.64453;13.56840844;2877.574819;0;27.633;63.34
29/1/2024 18:00;75262.20773;11576.99142;0;2868.039495;0;27.633;63.34
29/1/2024 19:00;74241.01553;12251.3403;0;2866.644082;0;27.633;63.34
29/1/2024 20:00;70917.56679;12738.08135;0;2872.167593;0;27.633;63.34
29/1/2024 21:00;67167.45096;12866.48864;0;2874.435139;0;27.633;63.34
29/1/2024 22:00;63776.60652;12822.87878;0;2886.819432;0;27.633;63.34
29/1/2024 23:00;60250.83609;12854.11346;0;2899.494437;0;27.633;63.34
30/1/2024 0:00;56632.36812;14200.86017;0;2333.905537;0;28.512;63.1
30/1/2024 1:00;54217.00829;14831.9941;0;2339.028857;0;28.512;63.1
30/1/2024 2:00;52905.9369;15899.93395;0;2339.448038;0;28.512;63.1
30/1/2024 3:00;52915.04896;17331.38237;0;2340.798732;0;28.512;63.1
30/1/2024 4:00;54005.35026;18428.21304;0;2342.754909;0;28.512;63.1
30/1/2024 5:00;56564.85434;19189.11553;0;2347.459049;0;28.512;63.1
30/1/2024 6:00;63334.57462;20043.2839;0;2345.409721;0;28.512;63.1
30/1/2024 7:00;70014.34328;21335.53212;4.909077204;2338.935706;0;28.512;63.1
30/1/2024 8:00;72728.24571;22216.85436;1659.059987;2340.053522;0;28.512;63.1
30/1/2024 9:00;74170.85104;21929.33933;6431.360503;2352.489219;0;28.512;63.1
30/1/2024 10:00;74628.38851;23678.94374;9866.568795;2364.831764;0;28.512;63.1
30/1/2024 11:00;74943.54881;23667.70409;11797.89383;2376.475675;0;28.512;63.1
30/1/2024 12:00;74323.28223;20151.87305;12251.96265;2380.993513;0;28.512;63.1
30/1/2024 13:00;72723.81458;18333.04436;11317.62165;2375.777041;0;28.512;63.1
30/1/2024 14:00;71385.54809;19510.72282;8105.153503;2381.319542;0;28.512;63.1
30/1/2024 15:00;69909.69546;21194.57467;4753.7123;2372.423594;0;28.512;63.1
30/1/2024 16:00;70206.27751;22892.26338;1233.038739;2363.201617;0;28.512;63.1
30/1/2024 17:00;72504.76587;26011.99095;10.93703158;2350.300163;0;28.512;63.1
30/1/2024 18:00;73769.37001;28819.01024;0;2341.916547;0;28.512;63.1
30/1/2024 19:00;72945.20971;28853.8316;0;2340.798732;0;28.512;63.1
30/1/2024 20:00;69657.92319;28083.05508;0;2338.330223;0;28.512;63.1
30/1/2024 21:00;65698.28509;27473.16357;0;2338.376798;0;28.512;63.1
30/1/2024 22:00;62177.09941;26780.29733;0;2346.993293;0;28.512;63.1
30/1/2024 23:00;58530.04094;25899.72998;0;2356.308421;0;28.512;63.1
31/1/2024 0:00;55023.8289;25010.64544;0;2238.739935;0;28.753;61.73
31/1/2024 1:00;52683.48817;24384.14616;0;2243.941488;0;28.753;61.73
31/1/2024 2:00;51154.53079;22924.55233;0;2245.352079;0;28.753;61.73
31/1/2024 3:00;51428.18745;22062.33058;0;2246.806751;0;28.753;61.73
31/1/2024 4:00;52536.97339;21236.97769;0;2248.041018;0;28.753;61.73
31/1/2024 5:00;55213.53072;20237.14416;0;2249.363447;0;28.753;61.73
31/1/2024 6:00;62051.91462;18670.53386;0;2246.674508;0;28.753;61.73
31/1/2024 7:00;69003.06783;17186.37161;4.930547021;2241.781521;0;28.753;61.73
31/1/2024 8:00;72129.07076;17001.71677;943.4770797;2243.632922;0;28.753;61.73
31/1/2024 9:00;73766.02645;16841.21047;3312.960121;2256.460482;0;28.753;61.73
31/1/2024 10:00;74496.90363;17494.08942;6380.421014;2270.390067;0;28.753;61.73
31/1/2024 11:00;75087.19888;18976.30209;8206.733411;2277.971993;0;28.753;61.73
31/1/2024 12:00;74754.6484;20679.73238;10188.76372;2279.162179;0;28.753;61.73
31/1/2024 13:00;73567.68096;21744.78378;10618.71475;2274.66592;0;28.753;61.73
31/1/2024 14:00;72599.7205;22320.49285;8467.723677;2279.558908;0;28.753;61.73
31/1/2024 15:00;70511.68226;22156.52277;5381.528809;2269.111719;0;28.753;61.73
31/1/2024 16:00;69998.23984;21457.14769;1845.4203;2256.460482;0;28.753;61.73
31/1/2024 17:00;72349.74299;24896.79998;21.12290454;2245.307998;0;28.753;61.73
31/1/2024 18:00;73357.82989;28651.18002;0;2240.194606;0;28.753;61.73
31/1/2024 19:00;72692.87849;31873.50894;0;2242.795383;0;28.753;61.73
31/1/2024 20:00;69686.89242;35497.01353;0;2240.547254;0;28.753;61.73
31/1/2024 21:00;65616.41961;38376.38234;0;2244.734946;0;28.753;61.73
31/1/2024 22:00;61948.3697;39421.9515;0;2255.711106;0;28.753;61.73
31/1/2024 23:00;58034.55562;38968.13921;0;2260.648174;0;28.753;61.73
1/2/2024 0:00;55189.70798;40951.77138;0;2331.150978;0;29.813;63.93
1/2/2024 1:00;52610.09659;40370.8711;0;2339.255314;0;29.813;63.93
1/2/2024 2:00;50856.6232;41557.64315;0;2337.353738;0;29.813;63.93
1/2/2024 3:00;50896.93023;41182.9812;0;2339.798621;0;29.813;63.93
1/2/2024 4:00;51699.54349;39417.99288;0;2339.164763;0;29.813;63.93
1/2/2024 5:00;54374.95467;37872.31627;0;2336.086021;0;29.813;63.93
1/2/2024 6:00;61152.55601;36495.55906;0;2331.694286;0;29.813;63.93
1/2/2024 7:00;68239.97634;35652.0254;5.678074648;2326.89507;0;29.813;63.93
1/2/2024 8:00;71422.21645;35463.4739;593.4116532;2330.788773;0;29.813;63.93
1/2/2024 9:00;73232.27451;34368.6695;3431.222764;2346.725791;0;29.813;63.93
1/2/2024 10:00;73952.84659;32347.80993;7982.123128;2367.507299;0;29.813;63.93
1/2/2024 11:00;74640.54638;32653.89418;10715.06207;2373.347854;0;29.813;63.93
1/2/2024 12:00;74549.3716;35400.85962;12719.92143;2372.261239;0;29.813;63.93
1/2/2024 13:00;73837.26464;36320.78309;11359.30295;2368.141158;0;29.813;63.93
1/2/2024 14:00;72765.08304;34519.67974;8696.108675;2373.257302;0;29.813;63.93
1/2/2024 15:00;70568.03212;31815.23541;6103.299519;2440.873921;0;29.813;63.93
1/2/2024 16:00;70484.30774;29881.94114;1711.720555;2425.216907;0;29.813;63.93
1/2/2024 17:00;72891.7237;28356.23721;22.73540967;2409.018777;0;29.813;63.93
1/2/2024 18:00;74109.46811;27404.99213;0;2391.598556;0;29.813;63.93
1/2/2024 19:00;73335.03062;27045.01082;0;2388.414394;0;29.813;63.93
1/2/2024 20:00;70265.01792;27006.55568;0;2393.148647;0;29.813;63.93
1/2/2024 21:00;66401.86289;27131.45529;0;2397.416346;0;29.813;63.93
1/2/2024 22:00;62820.95591;27347.46588;0;2409.410028;0;29.813;63.93
1/2/2024 23:00;58899.66012;27045.60661;0;2416.649027;0;29.813;63.93
2/2/2024 0:00;55995.63668;27461.96264;0;2156.25879;0;30.008;64.43
2/2/2024 1:00;53420.67246;27370.3035;0;2155.385845;0;30.008;64.43
2/2/2024 2:00;51931.0932;26864.36236;0;2147.030508;0;30.008;64.43
2/2/2024 3:00;51858.28518;26651.36048;0;2142.457936;0;30.008;64.43
2/2/2024 4:00;52559.32319;26750.64467;0;2134.726132;0;30.008;64.43
2/2/2024 5:00;54951.12482;27606.72758;0;2126.786484;0;30.008;64.43
2/2/2024 6:00;61182.58158;29027.59739;0;2115.729173;0;30.008;64.43
2/2/2024 7:00;68115.72626;30453.52552;7.721175547;2108.371488;0;30.008;64.43
2/2/2024 8:00;71366.83246;32066.90007;660.7555241;2113.359749;0;30.008;64.43
2/2/2024 9:00;73425.43261;34315.78707;2588.742799;2130.444541;0;30.008;64.43
2/2/2024 10:00;74432.05206;35361.04617;5541.661865;2146.739526;0;30.008;64.43
2/2/2024 11:00;74640.469;35352.42407;7533.469907;2147.196783;0;30.008;64.43
2/2/2024 12:00;74093.43121;36731.00737;9270.836748;2146.781095;0;30.008;64.43
2/2/2024 13:00;72451.84386;39273.93694;10255.4106;2146.448544;0;30.008;64.43
2/2/2024 14:00;70765.13622;40310.01641;9790.434841;2157.879975;0;30.008;64.43
2/2/2024 15:00;68581.7895;39870.10158;6676.62118;2151.145823;0;30.008;64.43
2/2/2024 16:00;68540.60119;39611.93416;2050.595901;2139.464979;0;30.008;64.43
2/2/2024 17:00;70585.93009;41141.21321;40.40007668;2123.751958;0;30.008;64.43
2/2/2024 18:00;71805.43882;42309.08122;0;2111.821702;0;30.008;64.43
2/2/2024 19:00;70805.07852;43089.99389;0;2111.406013;0;30.008;64.43
2/2/2024 20:00;67475.78177;43325.5376;0;2107.415405;0;30.008;64.43
2/2/2024 21:00;63552.99683;43145.94448;0;2107.540111;0;30.008;64.43
2/2/2024 22:00;60441.1762;43018.91198;0;2116.934669;0;30.008;64.43
2/2/2024 23:00;56802.31632;42969.87079;0;2126.162951;0;30.008;64.43
3/2/2024 0:00;53175.4816;42799.22574;0;2118.18263;0;28.93;62.3
3/2/2024 1:00;50394.24714;42767.59286;0;2117.325099;0;28.93;62.3
3/2/2024 2:00;48243.63474;42794.70233;0;2109.117305;0;28.93;62.3
3/2/2024 3:00;47788.4603;42470.30303;0;2104.625477;0;28.93;62.3
3/2/2024 4:00;47351.77325;42008.16385;0;2097.030204;0;28.93;62.3
3/2/2024 5:00;47047.61824;41537.6602;0;2089.230758;0;28.93;62.3
3/2/2024 6:00;48058.38933;40920.89173;0;2078.368702;0;28.93;62.3
3/2/2024 7:00;52667.85382;40609.94561;15.76162258;2071.140943;0;28.93;62.3
3/2/2024 8:00;56747.26782;41855.34628;968.8818992;2076.041118;0;28.93;62.3
3/2/2024 9:00;60880.65844;41193.11616;3022.437069;2092.82422;0;28.93;62.3
3/2/2024 10:00;62625.7203;41508.94832;5185.211824;2108.831461;0;28.93;62.3
3/2/2024 11:00;63764.37763;42140.67816;6602.818658;2109.280644;0;28.93;62.3
3/2/2024 12:00;63338.52784;42164.91925;7762.781908;2108.872296;0;28.93;62.3
3/2/2024 13:00;61618.30544;41967.69753;7593.737172;2108.545617;0;28.93;62.3
3/2/2024 14:00;60099.86108;40549.54001;6599.406268;2119.775187;0;28.93;62.3
3/2/2024 15:00;58410.74589;38673.58164;4307.441089;2113.15995;0;28.93;62.3
3/2/2024 16:00;59080.61494;37205.10549;1298.257531;2101.685371;0;28.93;62.3
3/2/2024 17:00;61927.61588;36655.24258;37.21293196;2086.249818;0;28.93;62.3
3/2/2024 18:00;63906.89125;36851.29589;0;2074.530231;0;28.93;62.3
3/2/2024 19:00;63033.757;37432.80792;0;2074.121883;0;28.93;62.3
3/2/2024 20:00;60016.28251;37637.79138;0;2070.201742;0;28.93;62.3
3/2/2024 21:00;56628.31117;37409.42315;0;2070.324247;0;28.93;62.3
3/2/2024 22:00;54440.0977;37228.18753;0;2079.552911;0;28.93;62.3
3/2/2024 23:00;51327.53639;36697.26453;0;2088.618236;0;28.93;62.3
4/2/2024 0:00;49077.86968;39465.70147;0;2380.093082;0;28.93;62.3
4/2/2024 1:00;46559.31057;38976.55193;0;2378.490915;0;28.93;62.3
4/2/2024 2:00;45053.78657;38148.28129;0;2370.136932;0;28.93;62.3
4/2/2024 3:00;44606.85415;39348.50364;0;2363.987801;0;28.93;62.3
4/2/2024 4:00;43812.69842;40053.1398;0;2357.327024;0;28.93;62.3
4/2/2024 5:00;43622.58456;40486.77731;0;2354.412635;0;28.93;62.3
4/2/2024 6:00;43502.07724;41571.60254;0;2340.895244;0;28.93;62.3
4/2/2024 7:00;47112.608;43478.33373;4.57031526;2336.719665;0;28.93;62.3
4/2/2024 8:00;50652.02278;44878.05323;767.4600558;2344.708215;0;28.93;62.3
4/2/2024 9:00;55178.75272;45792.95271;3099.650353;2353.966636;0;28.93;62.3
4/2/2024 10:00;57507.14671;45420.51048;5366.661656;2363.45292;0;28.93;62.3
4/2/2024 11:00;60045.44593;46181.80909;6967.433794;2364.395514;0;28.93;62.3
4/2/2024 12:00;59950.92396;47658.09967;7521.287145;2364.247336;0;28.93;62.3
4/2/2024 13:00;58276.29231;46405.41584;6945.238399;2361.169065;0;28.93;62.3
4/2/2024 14:00;56995.82236;45096.37392;5169.515258;2369.655998;0;28.93;62.3
4/2/2024 15:00;55319.74277;45374.49878;2746.212985;2362.477936;0;28.93;62.3
4/2/2024 16:00;56010.55951;46071.71364;936.5084181;2357.254275;0;28.93;62.3
4/2/2024 17:00;59073.35568;46385.98208;31.34410119;2343.798679;0;28.93;62.3
4/2/2024 18:00;61412.2329;45387.37263;0;2332.110283;0;28.93;62.3
4/2/2024 19:00;61267.64272;45091.34295;0;2366.549316;0;28.93;62.3
4/2/2024 20:00;59387.42556;45781.02192;0;2371.483119;0;28.93;62.3
4/2/2024 21:00;57036.52957;46405.12402;0;2369.510835;0;28.93;62.3
4/2/2024 22:00;55851.56984;47585.80283;0;2370.461122;0;28.93;62.3
4/2/2024 23:00;52847.2498;47883.55023;0;2379.063175;0;28.93;62.3
5/2/2024 0:00;50362.46026;48036.1798;0;2884.751326;0;28.93;62.3
5/2/2024 1:00;48223.72909;48412.68856;0;2883.715769;0;28.93;62.3
5/2/2024 2:00;46845.13898;49466.01289;0;2878.498847;0;28.93;62.3
5/2/2024 3:00;47170.35594;49136.31771;0;2871.708538;0;28.93;62.3
5/2/2024 4:00;48337.65304;48490.98631;0;2862.102327;0;28.93;62.3
5/2/2024 5:00;51634.30127;48186.87434;0;2852.039442;0;28.93;62.3
5/2/2024 6:00;59479.23031;47524.61526;0;2834.266067;0;28.93;62.3
5/2/2024 7:00;66990.63616;46930.46593;10.07982876;2830.160002;0;28.93;62.3
5/2/2024 8:00;70145.74936;46111.70766;1137.046054;2838.931684;0;28.93;62.3
5/2/2024 9:00;72419.80353;44575.1648;4565.367229;2850.225892;0;28.93;62.3
5/2/2024 10:00;73260.64168;44620.47639;8961.801273;2858.136894;0;28.93;62.3
5/2/2024 11:00;74769.60079;46409.21649;13205.35033;2863.67078;0;28.93;62.3
5/2/2024 12:00;74446.7605;47879.40828;15832.04635;2862.512712;0;28.93;62.3
5/2/2024 13:00;73176.43141;47872.73483;16385.07509;2860.631051;0;28.93;62.3
5/2/2024 14:00;71566.6312;47120.1712;13838.31236;2877.30051;0;28.93;62.3
5/2/2024 15:00;69926.21772;45588.42774;9572.850992;2868.8188;0;28.93;62.3
5/2/2024 16:00;70272.64832;44438.17182;3063.63122;2864.10243;0;28.93;62.3
5/2/2024 17:00;72443.85389;44399.05329;91.81061973;2847.571305;0;28.93;62.3
5/2/2024 18:00;73746.68569;44465.80419;0;2826.003854;0;28.93;62.3
5/2/2024 19:00;73257.97615;43922.12752;0;2893.488124;0;28.93;62.3
5/2/2024 20:00;69971.19988;43776.87369;0;2895.039316;0;28.93;62.3
5/2/2024 21:00;65711.60488;44322.89403;0;2893.095838;0;28.93;62.3
5/2/2024 22:00;62167.59841;43651.45019;0;2897.357714;0;28.93;62.3
5/2/2024 23:00;58106.08044;43179.86008;0;2910.280917;0;28.93;62.3
6/2/2024 0:00;54898.59719;43948.66154;0;2239.828006;0;29.013;63.59
6/2/2024 1:00;52474.52801;43861.80818;0;2234.612081;0;29.013;63.59
6/2/2024 2:00;50819.85994;45535.69023;0;2232.781932;0;29.013;63.59
6/2/2024 3:00;50989.62247;46082.26784;0;2226.239149;0;29.013;63.59
6/2/2024 4:00;51947.04325;46712.24197;0;2216.905388;0;29.013;63.59
6/2/2024 5:00;54757.81633;46926.21951;0;2205.329695;0;29.013;63.59
6/2/2024 6:00;61698.73908;46822.94985;0;2187.073958;0;29.013;63.59
6/2/2024 7:00;68652.94088;47168.33914;35.49896695;2182.864615;0;29.013;63.59
6/2/2024 8:00;71222.86845;48097.1206;1393.503263;2194.257293;0;29.013;63.59
6/2/2024 9:00;73029.44158;49058.34395;4204.826342;2210.499866;0;29.013;63.59
6/2/2024 10:00;73724.25386;49261.03212;6780.039024;2220.748702;0;29.013;63.59
6/2/2024 11:00;74985.60266;49656.64244;8793.73504;2225.507089;0;29.013;63.59
6/2/2024 12:00;74753.81205;50323.04948;9396.903161;2232.553163;0;29.013;63.59
6/2/2024 13:00;73483.58321;50536.81853;9883.562889;2229.350402;0;29.013;63.59
6/2/2024 14:00;72117.79316;50840.86916;7767.059548;2232.690425;0;29.013;63.59
6/2/2024 15:00;70234.29685;50931.29404;5255.511616;2228.435328;0;29.013;63.59
6/2/2024 16:00;70269.75815;50598.69892;1825.858093;2214.983732;0;29.013;63.59
6/2/2024 17:00;72240.93875;52229.63114;72.00448621;2198.009099;0;29.013;63.59
6/2/2024 18:00;73468.29922;52923.00259;0;2186.799435;0;29.013;63.59
6/2/2024 19:00;72979.96476;53116.96955;0;2186.067376;0;29.013;63.59
6/2/2024 20:00;69716.03262;53097.66537;0;2180.34816;0;29.013;63.59
6/2/2024 21:00;65644.62162;50683.30916;0;2177.557182;0;29.013;63.59
6/2/2024 22:00;62145.70671;49786.10355;0;2187.439987;0;29.013;63.59
6/2/2024 23:00;57991.17974;49502.29634;0;2198.924173;0;29.013;63.59
7/2/2024 0:00;54784.38553;48963.00044;0;2293.017069;0;28.059;63.59
7/2/2024 1:00;52461.14945;48642.26338;0;2288.968747;0;28.059;63.59
7/2/2024 2:00;50741.76163;47211.48276;0;2285.01568;0;28.059;63.59
7/2/2024 3:00;51126.26505;45702.28696;0;2275.775981;0;28.059;63.59
7/2/2024 4:00;52207.90674;43447.81452;0;2265.107463;0;28.059;63.59
7/2/2024 5:00;55109.68159;40755.03502;0;2252.295715;0;28.059;63.59
7/2/2024 6:00;62066.67108;37355.91032;0;2236.150055;0;28.059;63.59
7/2/2024 7:00;69168.57912;33645.47053;27.79827033;2232.435125;0;28.059;63.59
7/2/2024 8:00;72143.48095;29465.64984;1247.173272;2249.057058;0;28.059;63.59
7/2/2024 9:00;73966.87279;25776.39665;3710.066143;2267.012555;0;28.059;63.59
7/2/2024 10:00;74777.40107;23739.71186;6719.012258;2274.251907;0;28.059;63.59
7/2/2024 11:00;75934.74928;22354.84939;9229.421873;2277.442937;0;28.059;63.59
7/2/2024 12:00;75804.44023;21514.36178;9509.093674;2284.158389;0;28.059;63.59
7/2/2024 13:00;74631.73697;20468.08025;10374.61226;2278.204974;0;28.059;63.59
7/2/2024 14:00;73838.38152;18855.48733;7801.177976;2282.062787;0;28.059;63.59
7/2/2024 15:00;72082.319;15207.73205;4337.464304;2274.775808;0;28.059;63.59
7/2/2024 16:00;71957.44164;12736.48188;1271.768796;2260.297104;0;28.059;63.59
7/2/2024 17:00;74241.13394;12664.03607;45.03487524;2244.199071;0;28.059;63.59
7/2/2024 18:00;74819.44681;12654.60864;0;2233.006652;0;28.059;63.59
7/2/2024 19:00;73798.03785;12859.16108;0;2230.38715;0;28.059;63.59
7/2/2024 20:00;70577.59255;13518.98798;0;2222.76678;0;28.059;63.59
7/2/2024 21:00;66579.95124;13672.56835;0;2218.004048;0;28.059;63.59
7/2/2024 22:00;63114.85633;13320.30831;0;2225.767301;0;28.059;63.59
7/2/2024 23:00;59182.59614;11935.18166;0;2236.578701;0;28.059;63.59
8/2/2024 0:00;56320.62616;11809.66405;0;2305.650558;0;29.013;63.43
8/2/2024 1:00;53920.49652;11309.00035;0;2299.708413;0;29.013;63.43
8/2/2024 2:00;52551.0501;11041.7272;0;2296.56546;0;29.013;63.43
8/2/2024 3:00;52565.99399;11243.22896;0;2288.560752;0;29.013;63.43
8/2/2024 4:00;53442.65487;11218.22482;0;2280.064958;0;29.013;63.43
8/2/2024 5:00;56251.39534;10293.9169;0;2272.993314;0;29.013;63.43
8/2/2024 6:00;62836.81291;8649.413819;0;2262.434956;0;29.013;63.43
8/2/2024 7:00;69736.82704;7684.787696;25.1918665;2261.747436;0;29.013;63.43
8/2/2024 8:00;72812.30809;7582.572607;1214.81494;2283.20791;0;29.013;63.43
8/2/2024 9:00;74704.65963;7514.240768;4005.798236;2305.650558;0;29.013;63.43
8/2/2024 10:00;75399.31383;7181.483654;6657.447282;2310.708748;0;29.013;63.43
8/2/2024 11:00;76098.01955;6897.387851;7610.913839;2318.517021;0;29.013;63.43
8/2/2024 12:00;75926.69713;6621.969895;7065.621202;2328.878944;0;29.013;63.43
8/2/2024 13:00;74605.98182;7019.884346;6403.856127;2318.56613;0;29.013;63.43
8/2/2024 14:00;73398.72328;8611.466972;3688.339675;2312.967745;0;29.013;63.43
8/2/2024 15:00;71438.72529;9700.004347;2235.981186;2303.686212;0;29.013;63.43
8/2/2024 16:00;71365.9508;11211.61624;1033.572452;2290.08312;0;29.013;63.43
8/2/2024 17:00;73390.70689;13838.41498;58.81664302;2275.203202;0;29.013;63.43
8/2/2024 18:00;74244.32963;16130.18412;0;2266.952951;0;29.013;63.43
8/2/2024 19:00;73411.10197;18211.63733;0;2263.809998;0;29.013;63.43
8/2/2024 20:00;70248.23756;20696.98385;0;2256.443703;0;29.013;63.43
8/2/2024 21:00;66554.203;23166.48243;0;2253.398967;0;29.013;63.43
8/2/2024 22:00;63235.52234;23427.22006;0;2266.756517;0;29.013;63.43
8/2/2024 23:00;59400.00668;22990.96491;0;2281.881977;0;29.013;63.43
9/2/2024 0:00;56036.02797;23990.28812;0;2358.60519;0;28.66;63.43
9/2/2024 1:00;53368.05625;25807.94813;0;2352.897366;0;28.66;63.43
9/2/2024 2:00;51747.20695;27471.46429;0;2351.572336;0;28.66;63.43
9/2/2024 3:00;51745.78435;28799.6183;0;2345.354885;0;28.66;63.43
9/2/2024 4:00;52940.39057;29678.98827;0;2339.341285;0;28.66;63.43
9/2/2024 5:00;55334.44961;30971.51688;0;2331.136289;0;28.66;63.43
9/2/2024 6:00;61522.81069;32966.89817;0;2322.982255;0;28.66;63.43
9/2/2024 7:00;68557.11331;34879.61365;24.86476964;2324.103435;0;28.66;63.43
9/2/2024 8:00;71989.77337;34663.94316;914.6130956;2338.831658;0;28.66;63.43
9/2/2024 9:00;73746.18854;33013.04592;3001.628152;2356.770532;0;28.66;63.43
9/2/2024 10:00;73806.69023;31152.72941;5927.465393;2367.014037;0;28.66;63.43
9/2/2024 11:00;74066.01964;28914.46822;7533.437028;2379.29605;0;28.66;63.43
9/2/2024 12:00;73242.08955;28829.29676;11271.57198;2398.763805;0;28.66;63.43
9/2/2024 13:00;71295.21964;27257.92456;10679.74564;2389.029928;0;28.66;63.43
9/2/2024 14:00;69698.27417;23969.60098;7827.539971;2379.29605;0;28.66;63.43
9/2/2024 15:00;67988.01837;19884.67625;5073.774677;2362.121617;0;28.66;63.43
9/2/2024 16:00;68190.74432;19402.5214;1842.143282;2344.641407;0;28.66;63.43
9/2/2024 17:00;70252.42125;20818.51182;99.04351804;2333.582499;0;28.66;63.43
9/2/2024 18:00;71290.81553;23093.49014;0;2331.798804;0;28.66;63.43
9/2/2024 19:00;70475.36424;23713.13655;0;2324.664025;0;28.66;63.43
9/2/2024 20:00;67121.29678;22514.51452;0;2313.758005;0;28.66;63.43
9/2/2024 21:00;63220.53466;20718.19432;0;2310.85313;0;28.66;63.43
9/2/2024 22:00;60151.51351;19130.24592;0;2322.829367;0;28.66;63.43
9/2/2024 23:00;56473.42196;17946.94004;0;2331.696879;0;28.66;63.43
10/2/2024 0:00;52948.41726;16790.66149;0;2365.010082;0;27.605;63.43
10/2/2024 1:00;50253.46909;15494.67497;0;2359.286759;0;27.605;63.43
10/2/2024 2:00;48260.70554;14575.8712;0;2357.95813;0;27.605;63.43
10/2/2024 3:00;48012.75149;14150.20588;0;2351.723796;0;27.605;63.43
10/2/2024 4:00;47686.05752;13301.14481;0;2345.693866;0;27.605;63.43
10/2/2024 5:00;47512.49227;12047.76943;0;2337.466588;0;27.605;63.43
10/2/2024 6:00;48405.52824;12146.41738;0;2329.290412;0;27.605;63.43
10/2/2024 7:00;52920.31494;11946.3831;89.10694761;2330.414636;0;27.605;63.43
10/2/2024 8:00;56832.07771;10891.34391;2538.513033;2345.182855;0;27.605;63.43
10/2/2024 9:00;60500.80396;10170.35663;7382.093486;2363.170442;0;27.605;63.43
10/2/2024 10:00;61580.72989;8572.340511;11924.99012;2373.441764;0;27.605;63.43
10/2/2024 11:00;62967.36359;6344.92479;15652.60522;2385.757129;0;27.605;63.43
10/2/2024 12:00;61915.29628;5071.424027;16715.89062;2405.27775;0;27.605;63.43
10/2/2024 13:00;59804.23558;4733.833468;15546.57814;2395.51744;0;27.605;63.43
10/2/2024 14:00;58495.93214;4977.296632;11888.64531;2385.757129;0;27.605;63.43
10/2/2024 15:00;57270.44921;6332.869285;7332.592401;2368.536058;0;27.605;63.43
10/2/2024 16:00;58191.0905;8531.557649;2651.323022;2351.00838;0;27.605;63.43
10/2/2024 17:00;61006.86588;11823.70414;143.4709174;2339.919441;0;27.605;63.43
10/2/2024 18:00;62793.46054;14711.34355;0;2338.130903;0;27.605;63.43
10/2/2024 19:00;62571.05104;16744.73787;0;2330.976748;0;27.605;63.43
10/2/2024 20:00;59807.47264;16625.55745;0;2320.041113;0;27.605;63.43
10/2/2024 21:00;56647.24859;16174.13918;0;2317.12835;0;27.605;63.43
10/2/2024 22:00;54595.09212;17106.7689;0;2329.137109;0;27.605;63.43
10/2/2024 23:00;51523.8977;17736.03348;0;2338.0287;0;27.605;63.43
11/2/2024 0:00;48670.0186;21167.02289;0;2240.927614;0;27.605;60.73
11/2/2024 1:00;46276.62366;21510.11241;0;2231.891019;0;27.605;60.73
11/2/2024 2:00;44925.46055;22327.57161;0;2226.064143;0;27.605;60.73
11/2/2024 3:00;44657.46429;23304.84056;0;2218.113914;0;27.605;60.73
11/2/2024 4:00;44070.51188;24398.80037;0;2214.558532;0;27.605;60.73
11/2/2024 5:00;44024.09861;24707.40697;0;2211.595713;0;27.605;60.73
11/2/2024 6:00;43772.46596;25570.27526;0;2203.447963;0;27.605;60.73
11/2/2024 7:00;47255.03081;25559.08245;38.36984913;2206.558922;0;27.605;60.73
11/2/2024 8:00;50976.08452;23607.56532;971.1657275;2215.694279;0;27.605;60.73
11/2/2024 9:00;55182.4726;22202.86888;2515.1259;2230.656511;0;27.605;60.73
11/2/2024 10:00;57182.5557;21186.72299;4733.468785;2238.804261;0;27.605;60.73
11/2/2024 11:00;60031.37188;20214.24478;6586.624419;2249.124745;0;27.605;60.73
11/2/2024 12:00;60041.68835;18738.11215;7639.171962;2260.284694;0;27.605;60.73
11/2/2024 13:00;58113.80658;16413.57413;7360.504561;2254.408438;0;27.605;60.73
11/2/2024 14:00;56604.71502;14499.84798;6321.811728;2249.91483;0;27.605;60.73
11/2/2024 15:00;54634.78114;13323.84369;4138.476862;2242.260883;0;27.605;60.73
11/2/2024 16:00;55032.17613;11705.84269;1888.153009;2236.187105;0;27.605;60.73
11/2/2024 17:00;58027.44348;11259.34457;192.4297431;2230.804652;0;27.605;60.73
11/2/2024 18:00;60597.26192;12350.62755;0;2231.298455;0;27.605;60.73
11/2/2024 19:00;60340.01174;14634.90274;0;2226.113523;0;27.605;60.73
11/2/2024 20:00;58604.02935;15595.97375;0;2216.632504;0;27.605;60.73
11/2/2024 21:00;56493.09458;15405.13356;0;2216.089321;0;27.605;60.73
11/2/2024 22:00;55475.6612;15424.22177;0;2228.9282;0;27.605;60.73
11/2/2024 23:00;52430.85883;16784.07869;0;2242.211502;0;27.605;60.73
12/2/2024 0:00;49741.3525;16749.64985;0;2137.572032;0;27.605;60.73
12/2/2024 1:00;47735.24711;17532.98536;0;2129.845981;0;27.605;60.73
12/2/2024 2:00;46345.97594;15299.03443;0;2123.439013;0;27.605;60.73
12/2/2024 3:00;46814.90579;15932.24061;0;2117.503145;0;27.605;60.73
12/2/2024 4:00;47868.63624;16454.39562;0;2117.550255;0;27.605;60.73
12/2/2024 5:00;50887.25758;16100.78244;0;2117.032044;0;27.605;60.73
12/2/2024 6:00;57657.8502;16096.48021;0;2107.468701;0;27.605;60.73
12/2/2024 7:00;64554.72946;16163.26813;119.1470329;2107.186041;0;27.605;60.73
12/2/2024 8:00;68238.91979;16326.01721;2249.062203;2114.629431;0;27.605;60.73
12/2/2024 9:00;70454.78419;15627.00854;5502.025324;2124.522544;0;27.605;60.73
12/2/2024 10:00;71246.08256;14795.71253;8327.576546;2132.201484;0;27.605;60.73
12/2/2024 11:00;72827.33471;15084.19998;10557.39299;2144.685651;0;27.605;60.73
12/2/2024 12:00;73002.65686;15330.07155;11754.52129;2156.745828;0;27.605;60.73
12/2/2024 13:00;72011.40031;15078.84776;11382.4567;2154.672985;0;27.605;60.73
12/2/2024 14:00;70760.55513;14820.26498;10328.66451;2147.512255;0;27.605;60.73
12/2/2024 15:00;68326.02415;14542.68418;7211.108163;2139.927535;0;27.605;60.73
12/2/2024 16:00;67981.26065;14115.59262;3314.167746;2137.619142;0;27.605;60.73
12/2/2024 17:00;70193.23608;14193.45817;255.7937049;2133.897447;0;27.605;60.73
12/2/2024 18:00;71728.65584;14891.60807;0;2134.839648;0;27.605;60.73
12/2/2024 19:00;71236.53267;16675.44463;0;2129.563321;0;27.605;60.73
12/2/2024 20:00;68508.49621;18843.85768;0;2122.638141;0;27.605;60.73
12/2/2024 21:00;64923.87074;20514.58864;0;2124.381214;0;27.605;60.73
12/2/2024 22:00;61848.98799;20622.71203;0;2138.608453;0;27.605;60.73
12/2/2024 23:00;58024.26512;20403.82079;0;2152.694362;0;27.605;60.73
13/2/2024 0:00;55000.33816;20847.71805;0;2216.476901;0;26.93;58.69
13/2/2024 1:00;52700.51821;21020.99408;0;2212.744316;0;26.93;58.69
13/2/2024 2:00;50960.83918;21921.64819;0;2204.309643;0;26.93;58.69
13/2/2024 3:00;51202.81216;22344.45492;0;2197.7655;0;26.93;58.69
13/2/2024 4:00;52248.11691;22745.7463;0;2199.849931;0;26.93;58.69
13/2/2024 5:00;54675.03063;23366.19911;0;2201.44961;0;26.93;58.69
13/2/2024 6:00;60350.30834;24155.43534;0;2194.760042;0;26.93;58.69
13/2/2024 7:00;66510.0473;24085.11714;180.6371787;2195.632594;0;26.93;58.69
13/2/2024 8:00;69763.4185;23071.92934;3850.184957;2197.717025;0;26.93;58.69
13/2/2024 9:00;71414.20878;22083.05673;10000.68718;2208.430029;0;26.93;58.69
13/2/2024 10:00;72011.95849;21232.23782;14327.38409;2214.440945;0;26.93;58.69
13/2/2024 11:00;73159.70563;20810.98532;17005.6147;2226.608203;0;26.93;58.69
13/2/2024 12:00;73412.21052;21674.50597;16173.6594;2242.701947;0;26.93;58.69
13/2/2024 13:00;72145.42443;22665.97692;15553.81246;2243.913825;0;26.93;58.69
13/2/2024 14:00;70991.44154;21842.29406;13626.95946;2235.285252;0;26.93;58.69
13/2/2024 15:00;68567.8989;18791.69563;8945.85075;2224.814623;0;26.93;58.69
13/2/2024 16:00;68116.71562;16531.33075;3886.423154;2224.426822;0;26.93;58.69
13/2/2024 17:00;70319.42193;15849.95423;331.9528061;2220.257961;0;26.93;58.69
13/2/2024 18:00;71954.23241;16821.87166;0;2220.257961;0;26.93;58.69
13/2/2024 19:00;71361.25605;17673.85705;0;2214.343995;0;26.93;58.69
13/2/2024 20:00;68558.14384;18087.21264;0;2209.981233;0;26.93;58.69
13/2/2024 21:00;65143.21284;19141.50687;0;2211.338537;0;26.93;58.69
13/2/2024 22:00;62024.72811;19473.88001;0;2222.827143;0;26.93;58.69
13/2/2024 23:00;58186.99562;20249.88784;0;2236.109329;0;26.93;58.69
14/2/2024 0:00;55091.41447;20582.70637;0;2235.925118;0;25.823;57.18
14/2/2024 1:00;52740.46342;21755.65409;0;2228.95766;0;25.823;57.18
14/2/2024 2:00;51289.54388;20558.99283;0;2218.700013;0;25.823;57.18
14/2/2024 3:00;51500.90039;21323.62992;0;2210.232615;0;25.823;57.18
14/2/2024 4:00;52743.48588;22715.79408;0;2213.280878;0;25.823;57.18
14/2/2024 5:00;55373.7695;23601.94416;0;2214.103425;0;25.823;57.18
14/2/2024 6:00;61816.77213;23268.27022;0;2202.587765;0;25.823;57.18
14/2/2024 7:00;68741.03546;22550.58371;104.2304652;2204.378015;0;25.823;57.18
14/2/2024 8:00;72418.31062;22856.73958;1517.486388;2205.490873;0;25.823;57.18
14/2/2024 9:00;73798.5249;23074.93817;3950.558978;2213.087338;0;25.823;57.18
14/2/2024 10:00;73842.73019;23152.13193;7556.980794;2220.199951;0;25.823;57.18
14/2/2024 11:00;74536.4306;22697.99809;8672.029295;2234.957415;0;25.823;57.18
14/2/2024 12:00;74122.43756;22156.55924;9250.368153;2245.069907;0;25.823;57.18
14/2/2024 13:00;72499.26675;22408.85131;8799.103834;2246.908542;0;25.823;57.18
14/2/2024 14:00;71128.50804;21786.53014;7368.922963;2235.392881;0;25.823;57.18
14/2/2024 15:00;69278.42969;20846.09127;5068.470128;2228.038342;0;25.823;57.18
14/2/2024 16:00;69166.96171;19321.75342;1930.617075;2228.812504;0;25.823;57.18
14/2/2024 17:00;71131.6757;18660.89927;182.4560179;2221.167654;0;25.823;57.18
14/2/2024 18:00;72439.08562;19225.92693;0;2221.40958;0;25.823;57.18
14/2/2024 19:00;72001.74177;19036.33052;0;2216.861378;0;25.823;57.18
14/2/2024 20:00;69069.43622;18372.31909;0;2215.313054;0;25.823;57.18
14/2/2024 21:00;65414.87792;18483.4392;0;2217.587155;0;25.823;57.18
14/2/2024 22:00;62111.41098;18491.31528;0;2229.780207;0;25.823;57.18
14/2/2024 23:00;57936.39869;18277.15193;0;2245.360218;0;25.823;57.18
15/2/2024 0:00;54509.69142;19880.9798;0;2233.740958;0;25.519;56.4
15/2/2024 1:00;51986.31664;18499.82102;0;2225.917249;0;25.519;56.4
15/2/2024 2:00;49991.1671;17651.06552;0;2216.653593;0;25.519;56.4
15/2/2024 3:00;50259.83892;17968.94218;0;2205.997989;0;25.519;56.4
15/2/2024 4:00;51676.78452;17674.27532;0;2208.589893;0;25.519;56.4
15/2/2024 5:00;54530.48827;16777.18059;0;2207.245943;0;25.519;56.4
15/2/2024 6:00;61105.96705;16061.05992;0;2191.358533;0;25.519;56.4
15/2/2024 7:00;68092.02394;17080.89186;195.9718904;2189.918587;0;25.519;56.4
15/2/2024 8:00;71396.56741;16575.98043;2841.350513;2186.030731;0;25.519;56.4
15/2/2024 9:00;72620.02576;14714.8556;7531.287224;2190.014583;0;25.519;56.4
15/2/2024 10:00;72767.31029;13861.90365;11382.34787;2190.11058;0;25.519;56.4
15/2/2024 11:00;73828.20551;13909.16343;14714.68564;2199.806219;0;25.519;56.4
15/2/2024 12:00;73322.83539;13862.42156;15723.49794;2209.357864;0;25.519;56.4
15/2/2024 13:00;71955.28774;12810.58879;13877.14097;2217.901547;0;25.519;56.4
15/2/2024 14:00;70672.56251;12002.23468;11087.19466;2208.973878;0;25.519;56.4
15/2/2024 15:00;68700.09241;11635.25085;7096.761808;2205.901993;0;25.519;56.4
15/2/2024 16:00;68377.32962;11645.1648;3476.629294;2203.742073;0;25.519;56.4
15/2/2024 17:00;70472.43165;12924.59848;374.735716;2191.886514;0;25.519;56.4
15/2/2024 18:00;71542.59602;15706.18892;0;2189.342608;0;25.519;56.4
15/2/2024 19:00;71293.20485;17210.1765;0;2186.318721;0;25.519;56.4
15/2/2024 20:00;68226.06059;18314.07462;0;2183.150838;0;25.519;56.4
15/2/2024 21:00;64252.64522;19747.09733;0;2183.966808;0;25.519;56.4
15/2/2024 22:00;60815.0529;20699.68011;0;2193.230464;0;25.519;56.4
15/2/2024 23:00;56754.29705;21422.30542;0;2204.654039;0;25.519;56.4
16/2/2024 0:00;53242.69197;22288.77414;0;2299.395157;0;24.96;56.4
16/2/2024 1:00;50840.84348;22387.15677;0;2292.550232;0;24.96;56.4
16/2/2024 2:00;48992.15484;22447.78289;0;2281.608345;0;24.96;56.4
16/2/2024 3:00;49323.51878;23590.21695;0;2265.720125;0;24.96;56.4
16/2/2024 4:00;50600.82891;24334.59835;0;2263.62168;0;24.96;56.4
16/2/2024 5:00;53282.72035;25349.6728;0;2261.573199;0;24.96;56.4
16/2/2024 6:00;59654.32175;26334.73398;0;2245.335239;0;24.96;56.4
16/2/2024 7:00;66657.28302;26507.63231;309.2577858;2245.684979;0;24.96;56.4
16/2/2024 8:00;70195.18892;26400.41705;4115.033419;2245.435165;0;24.96;56.4
16/2/2024 9:00;71259.90186;27203.04448;9871.217294;2258.125755;0;24.96;56.4
16/2/2024 10:00;71064.23647;25774.79024;15540.21108;2262.572458;0;24.96;56.4
16/2/2024 11:00;71891.11135;22388.86691;19500.8056;2271.815605;0;24.96;56.4
16/2/2024 12:00;71477.86075;21516.15469;18781.05721;2274.313753;0;24.96;56.4
16/2/2024 13:00;69867.34653;22796.17249;18108.04287;2280.659048;0;24.96;56.4
16/2/2024 14:00;68322.2562;22533.70689;13769.48539;2269.917013;0;24.96;56.4
16/2/2024 15:00;66369.18288;22269.48771;8514.966505;2267.568754;0;24.96;56.4
16/2/2024 16:00;66118.14444;24022.70839;3458.352166;2259.924422;0;24.96;56.4
16/2/2024 17:00;68127.60094;24448.621;325.0164737;2242.037684;0;24.96;56.4
16/2/2024 18:00;68952.23559;24841.9392;0;2238.340425;0;24.96;56.4
16/2/2024 19:00;68735.34222;25058.82295;0;2237.291203;0;24.96;56.4
16/2/2024 20:00;65607.23764;24798.37436;0;2320.61307;0;24.96;56.4
16/2/2024 21:00;61685.17045;24005.58144;0;2319.164751;0;24.96;56.4
16/2/2024 22:00;58629.40109;23000.2231;0;2330.742009;0;24.96;56.4
16/2/2024 23:00;54710.56885;22122.5167;0;2345.650423;0;24.96;56.4
17/2/2024 0:00;51056.67785;21524.77657;0;2301.442202;0;24.867;57.96
17/2/2024 1:00;48453.03759;20742.88652;0;2294.591184;0;24.867;57.96
17/2/2024 2:00;46340.56883;20545.22836;0;2283.639555;0;24.867;57.96
17/2/2024 3:00;46304.92594;19525.15944;0;2267.737191;0;24.867;57.96
17/2/2024 4:00;46079.48475;18903.35686;0;2265.636878;0;24.867;57.96
17/2/2024 5:00;46139.39877;20185.11856;0;2263.586574;0;24.867;57.96
17/2/2024 6:00;47088.73253;20786.05463;0;2247.334157;0;24.867;57.96
17/2/2024 7:00;51483.45633;19222.95749;181.4606144;2247.684209;0;24.867;57.96
17/2/2024 8:00;55799.15335;17416.35597;2058.860613;2247.434172;0;24.867;57.96
17/2/2024 9:00;58888.09113;17133.17227;5247.933863;2260.136061;0;24.867;57.96
17/2/2024 10:00;60124.42543;17905.45584;7460.205719;2264.586722;0;24.867;57.96
17/2/2024 11:00;62579.39263;17630.05198;10999.39217;2273.838098;0;24.867;57.96
17/2/2024 12:00;62249.21033;15096.50426;12829.86832;2276.33847;0;24.867;57.96
17/2/2024 13:00;60304.39871;13336.94535;12819.03152;2282.689414;0;24.867;57.96
17/2/2024 14:00;58413.72775;11555.11046;12003.8939;2271.937815;0;24.867;57.96
17/2/2024 15:00;56487.75273;8922.39139;9236.29508;2269.587466;0;24.867;57.96
17/2/2024 16:00;57079.84582;6800.988244;3897.298052;2261.936328;0;24.867;57.96
17/2/2024 17:00;59866.68808;5718.931744;446.7072657;2244.033666;0;24.867;57.96
17/2/2024 18:00;62133.1865;5397.880347;0;2240.333116;0;24.867;57.96
17/2/2024 19:00;62020.97304;4418.628374;0;2239.28296;0;24.867;57.96
17/2/2024 20:00;59332.68388;3769.705723;0;2322.679005;0;24.867;57.96
17/2/2024 21:00;56156.87332;4120.534059;0;2321.229397;0;24.867;57.96
17/2/2024 22:00;54378.34874;4795.05533;0;2332.816961;0;24.867;57.96
17/2/2024 23:00;51112.03905;5517.522926;0;2347.738648;0;24.867;57.96
;;;;;;;
